Country,Date,New_Cases,New_Deaths,Total_Cases,Total_Deaths
,2020-01-01,,,96,4
India,2020-01-02,113.0,4.0,209,8
India,2020-01-03,90.0,5.0,299,13
India,2020-01-04,94.0,5.0,393,18
India,2020-01-05,103.0,5.0,496,23
India,2020-01-06,105.0,2.0,601,25
India,2020-01-07,116.0,9.0,717,34
India,2020-01-08,117.0,2.0,834,36
India,2020-01-09,97.0,4.0,931,40
India,2020-01-10,110.0,3.0,1041,43
India,2020-01-11,110.0,4.0,1151,47
India,2020-01-12,113.0,2.0,1264,49
India,2020-01-13,95.0,8.0,1359,57
India,2020-01-14,101.0,1.0,1460,58
India,2020-01-15,94.0,5.0,1554,63
India,2020-01-16,94.0,11.0,1648,74
India,2020-01-17,91.0,2.0,1739,76
India,2020-01-18,100.0,4.0,1839,80
India,2020-01-19,100.0,6.0,1939,86
India,2020-01-20,100.0,4.0,2039,90
India,2020-01-21,105.0,6.0,2144,96
India,2020-01-22,111.0,2.0,2255,98
India,2020-01-23,105.0,5.0,2360,103
India,2020-01-24,120.0,5.0,2480,108
India,2020-01-25,110.0,5.0,2590,113
India,2020-01-26,95.0,6.0,2685,119
India,2020-01-27,115.0,1.0,2800,120
India,2020-01-28,105.0,5.0,2905,125
India,2020-01-29,92.0,6.0,2997,131
India,2020-01-30,93.0,8.0,3090,139
India,2020-01-31,107.0,2.0,3197,141
India,2020-02-01,117.0,2.0,3314,143
India,2020-02-02,112.0,6.0,3426,149
India,2020-02-03,102.0,8.0,3528,157
India,2020-02-04,94.0,11.0,3622,168
India,2020-02-05,84.0,3.0,3706,171
India,2020-02-06,103.0,3.0,3809,174
India,2020-02-07,101.0,3.0,3910,177
India,2020-02-08,101.0,8.0,4011,185
India,2020-02-09,111.0,3.0,4122,188
India,2020-02-10,101.0,7.0,4223,195
India,2020-02-11,96.0,1.0,4319,196
India,2020-02-12,76.0,5.0,4395,201
India,2020-02-13,89.0,4.0,4484,205
India,2020-02-14,104.0,3.0,4588,208
India,2020-02-15,104.0,10.0,4692,218
India,2020-02-16,90.0,1.0,4782,219
India,2020-02-17,84.0,3.0,4866,222
India,2020-02-18,110.0,7.0,4976,229
India,2020-02-19,108.0,10.0,5084,239
India,2020-02-20,115.0,4.0,5199,243
India,2020-02-21,116.0,7.0,5315,250
India,2020-02-22,105.0,4.0,5420,254
India,2020-02-23,101.0,3.0,5521,257
India,2020-02-24,108.0,2.0,5629,259
India,2020-02-25,82.0,2.0,5711,261
India,2020-02-26,96.0,7.0,5807,268
India,2020-02-27,116.0,1.0,5923,269
India,2020-02-28,99.0,4.0,6022,273
India,2020-02-29,127.0,4.0,6149,277
India,2020-03-01,131.0,7.0,6280,284
India,2020-03-02,106.0,4.0,6386,288
India,2020-03-03,99.0,4.0,6485,292
India,2020-03-04,101.0,11.0,6586,303
India,2020-03-05,88.0,7.0,6674,310
India,2020-03-06,113.0,8.0,6787,318
India,2020-03-07,124.0,4.0,6911,322
India,2020-03-08,105.0,7.0,7016,329
India,2020-03-09,103.0,2.0,7119,331
India,2020-03-10,96.0,7.0,7215,338
India,2020-03-11,100.0,6.0,7315,344
India,2020-03-12,87.0,3.0,7402,347
India,2020-03-13,95.0,4.0,7497,351
India,2020-03-14,89.0,2.0,7586,353
India,2020-03-15,99.0,3.0,7685,356
India,2020-03-16,110.0,3.0,7795,359
India,2020-03-17,93.0,4.0,7888,363
India,2020-03-18,103.0,3.0,7991,366
India,2020-03-19,106.0,5.0,8097,371
India,2020-03-20,93.0,1.0,8190,372
India,2020-03-21,91.0,6.0,8281,378
India,2020-03-22,101.0,4.0,8382,382
India,2020-03-23,104.0,4.0,8486,386
India,2020-03-24,88.0,3.0,8574,389
India,2020-03-25,115.0,7.0,8689,396
India,2020-03-26,92.0,7.0,8781,403
India,2020-03-27,98.0,3.0,8879,406
India,2020-03-28,102.0,3.0,8981,409
India,2020-03-29,87.0,8.0,9068,417
India,2020-03-30,95.0,6.0,9163,423
India,2020-03-31,107.0,4.0,9270,427
India,2020-04-01,89.0,7.0,9359,434
India,2020-04-02,99.0,8.0,9458,442
India,2020-04-03,120.0,7.0,9578,449
India,2020-04-04,94.0,5.0,9672,454
India,2020-04-05,110.0,4.0,9782,458
India,2020-04-06,91.0,6.0,9873,464
India,2020-04-07,116.0,6.0,9989,470
India,2020-04-08,119.0,9.0,10108,479
India,2020-04-09,99.0,8.0,10207,487
India,2020-04-10,,0.0,10302,487
India,2020-04-11,95.0,6.0,10397,493
India,2020-04-12,99.0,6.0,10496,499
India,2020-04-13,88.0,4.0,10584,503
India,2020-04-14,108.0,3.0,10692,506
India,2020-04-15,99.0,4.0,10791,510
India,2020-04-16,97.0,5.0,10888,515
India,2020-04-17,104.0,1.0,10992,516
India,2020-04-18,106.0,1.0,11098,517
India,2020-04-19,91.0,1.0,11189,518
India,2020-04-20,110.0,3.0,11299,521
India,2020-04-21,107.0,6.0,11406,527
India,2020-04-22,83.0,1.0,11489,528
India,2020-04-23,102.0,6.0,11591,534
India,2020-04-24,104.0,6.0,11695,540
India,2020-04-25,100.0,3.0,11795,543
India,2020-04-26,101.0,5.0,11896,548
India,2020-04-27,93.0,5.0,11989,553
India,2020-04-28,111.0,1.0,12100,554
India,2020-04-29,115.0,6.0,12215,560
India,2020-04-30,100.0,3.0,12315,563
India,2020-05-01,92.0,5.0,12407,568
India,2020-05-02,107.0,2.0,12514,570
India,2020-05-03,78.0,4.0,12592,574
India,2020-05-04,107.0,7.0,12699,581
India,2020-05-05,96.0,5.0,12795,586
India,2020-05-06,113.0,9.0,12908,595
India,2020-05-07,89.0,3.0,12997,598
India,2020-05-08,121.0,5.0,13118,603
India,2020-05-09,91.0,4.0,13209,607
India,2020-05-10,94.0,6.0,13303,613
India,2020-05-11,113.0,13.0,13416,626
India,2020-05-12,98.0,3.0,13514,629
India,2020-05-13,94.0,1.0,13608,630
India,2020-05-14,97.0,4.0,13705,634
India,2020-05-15,99.0,7.0,13804,641
India,2020-05-16,89.0,3.0,13893,644
India,2020-05-17,89.0,5.0,13982,649
India,2020-05-18,101.0,4.0,14083,653
India,2020-05-19,113.0,4.0,14196,657
India,2020-05-20,93.0,3.0,14289,660
India,2020-05-21,82.0,7.0,14371,667
India,2020-05-22,114.0,12.0,14485,679
India,2020-05-23,111.0,6.0,14596,685
India,2020-05-24,93.0,6.0,14689,691
India,2020-05-25,108.0,7.0,14797,698
India,2020-05-26,94.0,4.0,14891,702
India,2020-05-27,87.0,1.0,14978,703
India,2020-05-28,95.0,7.0,15073,710
India,2020-05-29,109.0,4.0,15182,714
India,2020-05-30,123.0,,15305,721
India,2020-05-31,115.0,1.0,15420,722
India,2020-06-01,104.0,10.0,15524,732
India,2020-06-02,103.0,3.0,15627,735
India,2020-06-03,98.0,3.0,15725,738
India,2020-06-04,109.0,1.0,15834,739
India,2020-06-05,82.0,6.0,15916,745
India,2020-06-06,99.0,6.0,16015,751
India,2020-06-07,100.0,2.0,16115,753
India,2020-06-08,97.0,5.0,16212,758
India,2020-06-09,104.0,2.0,16316,760
India,2020-06-10,101.0,7.0,16417,767
India,2020-06-11,110.0,4.0,16527,771
India,2020-06-12,92.0,6.0,16619,777
India,2020-06-13,100.0,7.0,16719,784
India,2020-06-14,99.0,6.0,16818,790
India,2020-06-15,113.0,9.0,16931,799
India,2020-06-16,104.0,5.0,17035,804
India,2020-06-17,132.0,7.0,17167,811
India,2020-06-18,89.0,5.0,17256,816
India,2020-06-19,92.0,5.0,17348,821
India,2020-06-20,103.0,2.0,17451,823
India,2020-06-21,107.0,6.0,17558,829
India,2020-06-22,93.0,3.0,17651,832
India,2020-06-23,99.0,2.0,17750,834
India,2020-06-24,128.0,7.0,17878,841
India,2020-06-25,106.0,6.0,17984,847
India,2020-06-26,106.0,6.0,18090,853
India,2020-06-27,119.0,5.0,18209,858
India,2020-06-28,97.0,10.0,18306,868
India,2020-06-29,110.0,1.0,18416,869
India,2020-06-30,95.0,5.0,18511,874
India,2020-07-01,91.0,8.0,18602,882
India,2020-07-02,95.0,8.0,18697,890
India,2020-07-03,90.0,6.0,18787,896
India,2020-07-04,85.0,5.0,18872,901
India,2020-07-05,103.0,3.0,18975,904
India,2020-07-06,105.0,4.0,19080,908
India,2020-07-07,110.0,6.0,19190,914
India,2020-07-08,91.0,6.0,19281,920
India,2020-07-09,111.0,5.0,19392,925
India,2020-07-10,107.0,2.0,19499,927
India,2020-07-11,104.0,6.0,19603,933
India,2020-07-12,106.0,5.0,19709,938
India,2020-07-13,107.0,2.0,19816,940
India,2020-07-14,115.0,3.0,19931,943
India,2020-07-15,100.0,7.0,20031,950
India,2020-07-16,105.0,5.0,20136,955
India,2020-07-17,106.0,4.0,20242,959
India,2020-07-18,105.0,6.0,20347,965
,2020-07-19,,3.0,20458,968
India,2020-07-20,111.0,3.0,20569,971
India,2020-07-21,96.0,8.0,20665,979
India,2020-07-22,91.0,7.0,20756,986
India,2020-07-23,83.0,6.0,20839,992
India,2020-07-24,100.0,4.0,20939,996
India,2020-07-25,96.0,1.0,21035,997
India,2020-07-26,128.0,4.0,21163,1001
India,2020-07-27,91.0,2.0,21254,1003
India,2020-07-28,109.0,2.0,21363,1005
India,2020-07-29,92.0,2.0,21455,1007
India,2020-07-30,106.0,8.0,21561,1015
India,2020-07-31,114.0,6.0,21675,1021
India,2020-08-01,97.0,1.0,21772,1022
India,2020-08-02,108.0,2.0,21880,1024
India,2020-08-03,100.0,5.0,21980,1029
India,2020-08-04,95.0,8.0,22075,1037
India,2020-08-05,106.0,4.0,22181,1041
India,2020-08-06,104.0,5.0,22285,1046
India,2020-08-07,107.0,2.0,22392,1048
India,2020-08-08,107.0,1.0,22499,1049
India,2020-08-09,96.0,4.0,22595,1053
India,2020-08-10,85.0,2.0,22680,1055
India,2020-08-11,94.0,3.0,22774,1058
India,2020-08-12,103.0,5.0,22877,1063
India,2020-08-13,102.0,5.0,22979,1068
India,2020-08-14,96.0,5.0,23075,1073
India,2020-08-15,114.0,10.0,23189,1083
India,2020-08-16,105.0,4.0,23294,1087
India,2020-08-17,87.0,8.0,23381,1095
India,2020-08-18,102.0,5.0,23483,1100
India,2020-08-19,92.0,4.0,23575,1104
India,2020-08-20,102.0,5.0,23677,1109
India,2020-08-21,108.0,5.0,23785,1114
India,2020-08-22,94.0,9.0,23879,1123
India,2020-08-23,103.0,5.0,23982,1128
India,2020-08-24,102.0,7.0,24084,1135
India,2020-08-25,79.0,6.0,24163,1141
India,2020-08-26,98.0,9.0,24261,1150
India,2020-08-27,97.0,5.0,24358,1155
India,2020-08-28,66.0,6.0,24424,1161
India,2020-08-29,113.0,4.0,24537,1165
India,2020-08-30,83.0,6.0,24620,1171
India,2020-08-31,108.0,2.0,24728,1173
India,2020-09-01,93.0,5.0,24821,1178
India,2020-09-02,109.0,2.0,24930,1180
India,2020-09-03,116.0,4.0,25046,1184
India,2020-09-04,102.0,2.0,25148,1186
India,2020-09-05,92.0,6.0,25240,1192
India,2020-09-06,88.0,5.0,25328,1197
India,2020-09-07,107.0,5.0,25435,1202
India,2020-09-08,121.0,5.0,25556,1207
India,2020-09-09,100.0,3.0,25656,1210
India,2020-09-10,92.0,7.0,25748,1217
India,2020-09-11,99.0,2.0,25847,1219
India,2020-09-12,99.0,5.0,25946,1224
India,2020-09-13,90.0,8.0,26036,1232
India,2020-09-14,106.0,6.0,26142,1238
India,2020-09-15,90.0,4.0,26232,1242
India,2020-09-16,114.0,8.0,26346,1250
India,2020-09-17,89.0,6.0,26435,1256
India,2020-09-18,112.0,7.0,26547,1263
India,2020-09-19,111.0,4.0,26658,1267
India,2020-09-20,88.0,9.0,26746,1276
India,2020-09-21,105.0,4.0,26851,1280
India,2020-09-22,111.0,5.0,26962,1285
India,2020-09-23,94.0,9.0,27056,1294
India,2020-09-24,98.0,6.0,27154,1300
India,2020-09-25,93.0,4.0,27247,1304
India,2020-09-26,94.0,5.0,27341,1309
India,2020-09-27,92.0,5.0,27433,1314
India,2020-09-28,112.0,4.0,27545,1318
India,2020-09-29,109.0,7.0,27654,1325
India,2020-09-30,105.0,8.0,27759,1333
India,2020-10-01,98.0,5.0,27857,1338
India,2020-10-02,97.0,6.0,27954,1344
India,2020-10-03,92.0,2.0,28046,1346
India,2020-10-04,95.0,4.0,28141,1350
India,2020-10-05,91.0,5.0,28232,1355
India,2020-10-06,119.0,2.0,28351,1357
India,2020-10-07,95.0,6.0,28446,1363
India,2020-10-08,98.0,7.0,28544,1370
India,2020-10-09,104.0,3.0,28648,1373
India,2020-10-10,86.0,4.0,28734,1377
India,2020-10-11,82.0,6.0,28816,1383
India,2020-10-12,104.0,5.0,28920,1388
India,2020-10-13,101.0,1.0,29021,1389
India,2020-10-14,94.0,2.0,29115,1391
India,2020-10-15,102.0,8.0,29217,1399
India,2020-10-16,98.0,9.0,29315,1408
India,2020-10-17,96.0,4.0,29411,1412
India,2020-10-18,104.0,3.0,29515,1415
India,2020-10-19,103.0,5.0,29618,1420
India,2020-10-20,127.0,1.0,29745,1421
India,2020-10-21,97.0,3.0,29842,1424
India,2020-10-22,115.0,9.0,29957,1433
India,2020-10-23,95.0,6.0,30052,1439
India,2020-10-24,93.0,2.0,30145,1441
India,2020-10-25,95.0,6.0,30240,1447
India,2020-10-26,104.0,3.0,30344,1450
India,2020-10-27,,,30443,1458
India,2020-10-28,109.0,8.0,30552,1466
India,2020-10-29,93.0,10.0,30645,1476
India,2020-10-30,124.0,5.0,30769,1481
India,2020-10-31,114.0,3.0,30883,1484
India,2020-11-01,99.0,5.0,30982,1489
India,2020-11-02,93.0,3.0,31075,1492
India,2020-11-03,111.0,3.0,31186,1495
India,2020-11-04,88.0,7.0,31274,1502
India,2020-11-05,97.0,2.0,31371,1504
India,2020-11-06,101.0,4.0,31472,1508
India,2020-11-07,82.0,5.0,31554,1513
India,2020-11-08,116.0,7.0,31670,1520
India,2020-11-09,114.0,5.0,31784,1525
India,2020-11-10,106.0,6.0,31890,1531
India,2020-11-11,93.0,4.0,31983,1535
India,2020-11-12,100.0,4.0,32083,1539
India,2020-11-13,92.0,3.0,32175,1542
India,2020-11-14,112.0,7.0,32287,1549
India,2020-11-15,100.0,2.0,32387,1551
India,2020-11-16,89.0,8.0,32476,1559
India,2020-11-17,77.0,6.0,32553,1565
India,2020-11-18,98.0,7.0,32651,1572
India,2020-11-19,94.0,6.0,32745,1578
India,2020-11-20,114.0,2.0,32859,1580
India,2020-11-21,100.0,2.0,32959,1582
India,2020-11-22,95.0,4.0,33054,1586
India,2020-11-23,103.0,9.0,33157,1595
India,2020-11-24,110.0,1.0,33267,1596
India,2020-11-25,94.0,3.0,33361,1599
India,2020-11-26,94.0,6.0,33455,1605
India,2020-11-27,97.0,2.0,33552,1607
India,2020-11-28,99.0,8.0,33651,1615
India,2020-11-29,96.0,5.0,33747,1620
India,2020-11-30,110.0,5.0,33857,1625
India,2020-12-01,99.0,2.0,33956,1627
India,2020-12-02,98.0,5.0,34054,1632
India,2020-12-03,93.0,3.0,34147,1635
India,2020-12-04,89.0,5.0,34236,1640
India,2020-12-05,93.0,4.0,34329,1644
India,2020-12-06,108.0,5.0,34437,1649
India,2020-12-07,102.0,1.0,34539,1650
India,2020-12-08,118.0,5.0,34657,1655
India,2020-12-09,98.0,4.0,34755,1659
India,2020-12-10,96.0,8.0,34851,1667
India,2020-12-11,105.0,4.0,34956,1671
India,2020-12-12,74.0,6.0,35030,1677
India,2020-12-13,100.0,8.0,35130,1685
India,2020-12-14,90.0,4.0,35220,1689
India,2020-12-15,100.0,8.0,35320,1697
India,2020-12-16,93.0,1.0,35413,1698
India,2020-12-17,108.0,4.0,35521,1702
India,2020-12-18,94.0,1.0,35615,1703
India,2020-12-19,91.0,7.0,35706,1710
India,2020-12-20,96.0,7.0,35802,1717
India,2020-12-21,106.0,4.0,35908,1721
India,2020-12-22,103.0,5.0,36011,1726
India,2020-12-23,119.0,9.0,36130,1735
India,2020-12-24,95.0,9.0,36225,1744
India,2020-12-25,107.0,2.0,36332,1746
India,2020-12-26,98.0,6.0,36430,1752
India,2020-12-27,113.0,5.0,36543,1757
India,2020-12-28,94.0,8.0,36637,1765
India,2020-12-29,105.0,5.0,36742,1770
India,2020-12-30,107.0,3.0,36849,1773
India,2020-12-31,105.0,5.0,36954,1778
USA,2020-01-01,90.0,3.0,90,3
USA,2020-01-02,98.0,2.0,188,5
USA,2020-01-03,131.0,6.0,319,11
USA,2020-01-04,91.0,5.0,410,16
USA,2020-01-05,94.0,4.0,504,20
USA,2020-01-06,128.0,8.0,632,28
USA,2020-01-07,107.0,5.0,739,33
USA,2020-01-08,102.0,7.0,841,40
USA,2020-01-09,84.0,5.0,925,45
USA,2020-01-10,103.0,4.0,1028,49
USA,2020-01-11,113.0,1.0,1141,50
USA,2020-01-12,91.0,3.0,1232,53
USA,2020-01-13,103.0,7.0,1335,60
USA,2020-01-14,103.0,5.0,1438,65
USA,2020-01-15,101.0,8.0,1539,73
USA,2020-01-16,98.0,4.0,1637,77
USA,2020-01-17,100.0,6.0,1737,83
USA,2020-01-18,88.0,4.0,1825,87
USA,2020-01-19,105.0,4.0,1930,91
USA,2020-01-20,96.0,10.0,2026,101
USA,2020-01-21,97.0,9.0,2123,110
USA,2020-01-22,105.0,3.0,2228,113
USA,2020-01-23,107.0,2.0,2335,115
USA,2020-01-24,89.0,3.0,2424,118
USA,2020-01-25,100.0,2.0,2524,120
USA,2020-01-26,92.0,8.0,2616,128
USA,2020-01-27,100.0,5.0,2716,133
USA,2020-01-28,95.0,5.0,2811,138
USA,2020-01-29,98.0,5.0,2909,143
USA,2020-01-30,92.0,9.0,3001,152
USA,2020-01-31,99.0,4.0,3100,156
USA,2020-02-01,113.0,4.0,3213,160
USA,2020-02-02,96.0,5.0,3309,165
USA,2020-02-03,96.0,5.0,3405,170
,2020-02-04,,1.0,3496,171
USA,2020-02-05,110.0,7.0,3606,178
USA,2020-02-06,87.0,8.0,3693,186
USA,2020-02-07,105.0,5.0,3798,191
USA,2020-02-08,90.0,5.0,3888,196
USA,2020-02-09,82.0,8.0,3970,204
USA,2020-02-10,95.0,4.0,4065,208
USA,2020-02-11,105.0,5.0,4170,213
USA,2020-02-12,98.0,3.0,4268,216
USA,2020-02-13,102.0,10.0,4370,226
USA,2020-02-14,81.0,7.0,4451,233
USA,2020-02-15,97.0,2.0,4548,235
USA,2020-02-16,102.0,2.0,4650,237
USA,2020-02-17,108.0,5.0,4758,242
USA,2020-02-18,113.0,8.0,4871,250
USA,2020-02-19,118.0,8.0,4989,258
USA,2020-02-20,99.0,7.0,5088,265
USA,2020-02-21,93.0,7.0,5181,272
USA,2020-02-22,103.0,7.0,5284,279
USA,2020-02-23,93.0,3.0,5377,282
USA,2020-02-24,83.0,8.0,5460,290
USA,2020-02-25,99.0,2.0,5559,292
USA,2020-02-26,83.0,2.0,5642,294
USA,2020-02-27,99.0,2.0,5741,296
USA,2020-02-28,93.0,3.0,5834,299
USA,2020-02-29,92.0,4.0,5926,303
USA,2020-03-01,95.0,2.0,6021,305
USA,2020-03-02,94.0,4.0,6115,309
USA,2020-03-03,104.0,3.0,6219,312
USA,2020-03-04,111.0,8.0,6330,320
USA,2020-03-05,114.0,6.0,6444,326
USA,2020-03-06,112.0,4.0,6556,330
USA,2020-03-07,123.0,6.0,6679,336
USA,2020-03-08,105.0,3.0,6784,339
USA,2020-03-09,90.0,6.0,6874,345
USA,2020-03-10,96.0,6.0,6970,351
USA,2020-03-11,113.0,1.0,7083,352
USA,2020-03-12,113.0,5.0,7196,357
USA,2020-03-13,100.0,2.0,7296,359
USA,2020-03-14,92.0,5.0,7388,364
USA,2020-03-15,108.0,2.0,7496,366
USA,2020-03-16,90.0,5.0,7586,371
USA,2020-03-17,98.0,1.0,7684,372
USA,2020-03-18,98.0,2.0,7782,374
USA,2020-03-19,103.0,5.0,7885,379
USA,2020-03-20,109.0,5.0,7994,384
USA,2020-03-21,111.0,3.0,8105,387
USA,2020-03-22,119.0,8.0,8224,395
USA,2020-03-23,127.0,6.0,8351,401
USA,2020-03-24,98.0,6.0,8449,407
USA,2020-03-25,84.0,,8533,412
USA,2020-03-26,99.0,7.0,8632,419
USA,2020-03-27,91.0,8.0,8723,427
USA,2020-03-28,90.0,5.0,8813,432
USA,2020-03-29,100.0,3.0,8913,435
USA,2020-03-30,101.0,9.0,9014,444
USA,2020-03-31,110.0,4.0,9124,448
USA,2020-04-01,81.0,4.0,9205,452
USA,2020-04-02,89.0,8.0,9294,460
USA,2020-04-03,99.0,7.0,9393,467
USA,2020-04-04,96.0,2.0,9489,469
USA,2020-04-05,99.0,7.0,9588,476
USA,2020-04-06,119.0,4.0,9707,480
USA,2020-04-07,97.0,6.0,9804,486
USA,2020-04-08,103.0,4.0,9907,490
USA,2020-04-09,111.0,3.0,10018,493
USA,2020-04-10,96.0,4.0,10114,497
USA,2020-04-11,88.0,2.0,10202,499
USA,2020-04-12,114.0,9.0,10316,508
USA,2020-04-13,97.0,7.0,10413,515
USA,2020-04-14,112.0,6.0,10525,521
USA,2020-04-15,102.0,2.0,10627,523
USA,2020-04-16,97.0,8.0,10724,531
USA,2020-04-17,103.0,5.0,10827,536
USA,2020-04-18,94.0,3.0,10921,539
USA,2020-04-19,83.0,1.0,11004,540
USA,2020-04-20,105.0,2.0,11109,542
USA,2020-04-21,87.0,4.0,11196,546
USA,2020-04-22,102.0,2.0,11298,548
USA,2020-04-23,109.0,4.0,11407,552
USA,2020-04-24,93.0,4.0,11500,556
USA,2020-04-25,98.0,5.0,11598,561
USA,2020-04-26,98.0,4.0,11696,565
USA,2020-04-27,100.0,4.0,11796,569
USA,2020-04-28,110.0,2.0,11906,571
USA,2020-04-29,96.0,2.0,12002,573
USA,2020-04-30,97.0,6.0,12099,579
USA,2020-05-01,97.0,7.0,12196,586
USA,2020-05-02,105.0,6.0,12301,592
USA,2020-05-03,102.0,5.0,12403,597
USA,2020-05-04,102.0,6.0,12505,603
USA,2020-05-05,110.0,7.0,12615,610
USA,2020-05-06,105.0,7.0,12720,617
USA,2020-05-07,108.0,5.0,12828,622
USA,2020-05-08,87.0,4.0,12915,626
USA,2020-05-09,118.0,1.0,13033,627
USA,2020-05-10,83.0,3.0,13116,630
USA,2020-05-11,89.0,6.0,13205,636
USA,2020-05-12,81.0,6.0,13286,642
USA,2020-05-13,101.0,6.0,13387,648
USA,2020-05-14,,3.0,13480,651
USA,2020-05-15,107.0,4.0,13587,655
USA,2020-05-16,104.0,4.0,13691,659
USA,2020-05-17,106.0,1.0,13797,660
USA,2020-05-18,101.0,5.0,13898,665
USA,2020-05-19,103.0,3.0,14001,668
USA,2020-05-20,98.0,9.0,14099,677
USA,2020-05-21,87.0,8.0,14186,685
USA,2020-05-22,90.0,5.0,14276,690
USA,2020-05-23,127.0,4.0,14403,694
USA,2020-05-24,85.0,4.0,14488,698
USA,2020-05-25,100.0,7.0,14588,705
USA,2020-05-26,104.0,5.0,14692,710
USA,2020-05-27,94.0,8.0,14786,718
USA,2020-05-28,92.0,4.0,14878,722
USA,2020-05-29,100.0,5.0,14978,727
USA,2020-05-30,114.0,4.0,15092,731
USA,2020-05-31,104.0,5.0,15196,736
USA,2020-06-01,87.0,3.0,15283,739
USA,2020-06-02,101.0,5.0,15384,744
USA,2020-06-03,102.0,3.0,15486,747
USA,2020-06-04,98.0,5.0,15584,752
USA,2020-06-05,99.0,7.0,15683,759
USA,2020-06-06,107.0,8.0,15790,767
USA,2020-06-07,110.0,4.0,15900,771
USA,2020-06-08,103.0,3.0,16003,774
USA,2020-06-09,110.0,10.0,16113,784
USA,2020-06-10,103.0,3.0,16216,787
USA,2020-06-11,103.0,3.0,16319,790
USA,2020-06-12,98.0,3.0,16417,793
USA,2020-06-13,97.0,5.0,16514,798
USA,2020-06-14,82.0,5.0,16596,803
USA,2020-06-15,76.0,5.0,16672,808
USA,2020-06-16,82.0,3.0,16754,811
USA,2020-06-17,88.0,2.0,16842,813
USA,2020-06-18,105.0,3.0,16947,816
USA,2020-06-19,95.0,5.0,17042,821
USA,2020-06-20,92.0,6.0,17134,827
USA,2020-06-21,93.0,7.0,17227,834
USA,2020-06-22,110.0,6.0,17337,840
USA,2020-06-23,106.0,5.0,17443,845
USA,2020-06-24,105.0,6.0,17548,851
USA,2020-06-25,96.0,5.0,17644,856
USA,2020-06-26,99.0,3.0,17743,859
USA,2020-06-27,96.0,8.0,17839,867
USA,2020-06-28,93.0,3.0,17932,870
USA,2020-06-29,100.0,4.0,18032,874
USA,2020-06-30,99.0,6.0,18131,880
USA,2020-07-01,113.0,8.0,18244,888
USA,2020-07-02,90.0,5.0,18334,893
USA,2020-07-03,84.0,5.0,18418,898
USA,2020-07-04,104.0,3.0,18522,901
USA,2020-07-05,114.0,8.0,18636,909
USA,2020-07-06,92.0,6.0,18728,915
USA,2020-07-07,94.0,9.0,18822,924
USA,2020-07-08,87.0,5.0,18909,929
USA,2020-07-09,104.0,3.0,19013,932
USA,2020-07-10,96.0,6.0,19109,938
USA,2020-07-11,100.0,8.0,19209,946
USA,2020-07-12,105.0,4.0,19314,950
USA,2020-07-13,95.0,9.0,19409,959
USA,2020-07-14,113.0,4.0,19522,963
USA,2020-07-15,89.0,8.0,19611,971
USA,2020-07-16,85.0,6.0,19696,977
USA,2020-07-17,114.0,7.0,19810,984
USA,2020-07-18,97.0,1.0,19907,985
USA,2020-07-19,96.0,7.0,20003,992
USA,2020-07-20,82.0,7.0,20085,999
USA,2020-07-21,99.0,8.0,20184,1007
USA,2020-07-22,90.0,1.0,20274,1008
USA,2020-07-23,117.0,3.0,20391,1011
USA,2020-07-24,98.0,5.0,20489,1016
USA,2020-07-25,92.0,2.0,20581,1018
USA,2020-07-26,110.0,5.0,20691,1023
USA,2020-07-27,109.0,8.0,20800,1031
USA,2020-07-28,106.0,1.0,20906,1032
USA,2020-07-29,92.0,2.0,20998,1034
USA,2020-07-30,94.0,2.0,21092,1036
USA,2020-07-31,102.0,6.0,21194,1042
USA,2020-08-01,123.0,3.0,21317,1045
USA,2020-08-02,109.0,2.0,21426,1047
USA,2020-08-03,116.0,6.0,21542,1053
USA,2020-08-04,112.0,8.0,21654,1061
USA,2020-08-05,96.0,4.0,21750,1065
USA,2020-08-06,100.0,4.0,21850,1069
USA,2020-08-07,96.0,4.0,21946,1073
USA,2020-08-08,75.0,4.0,22021,1077
USA,2020-08-09,109.0,8.0,22130,1085
USA,2020-08-10,95.0,5.0,22225,1090
USA,2020-08-11,87.0,6.0,22312,1096
USA,2020-08-12,90.0,4.0,22402,1100
USA,2020-08-13,105.0,4.0,22507,1104
USA,2020-08-14,97.0,2.0,22604,1106
USA,2020-08-15,116.0,4.0,22720,1110
USA,2020-08-16,128.0,6.0,22848,1116
USA,2020-08-17,117.0,7.0,22965,1123
USA,2020-08-18,92.0,7.0,23057,1130
USA,2020-08-19,96.0,10.0,23153,1140
USA,2020-08-20,97.0,6.0,23250,1146
USA,2020-08-21,108.0,4.0,23358,1150
,2020-08-22,,,23483,1156
USA,2020-08-23,91.0,3.0,23574,1159
USA,2020-08-24,111.0,8.0,23685,1167
USA,2020-08-25,86.0,7.0,23771,1174
USA,2020-08-26,90.0,5.0,23861,1179
USA,2020-08-27,75.0,9.0,23936,1188
USA,2020-08-28,107.0,5.0,24043,1193
USA,2020-08-29,108.0,6.0,24151,1199
USA,2020-08-30,100.0,3.0,24251,1202
USA,2020-08-31,105.0,7.0,24356,1209
USA,2020-09-01,95.0,1.0,24451,1210
USA,2020-09-02,107.0,4.0,24558,1214
USA,2020-09-03,99.0,2.0,24657,1216
USA,2020-09-04,92.0,4.0,24749,1220
USA,2020-09-05,73.0,2.0,24822,1222
USA,2020-09-06,98.0,2.0,24920,1224
USA,2020-09-07,98.0,3.0,25018,1227
USA,2020-09-08,96.0,11.0,25114,1238
USA,2020-09-09,94.0,5.0,25208,1243
USA,2020-09-10,95.0,3.0,25303,1246
USA,2020-09-11,127.0,5.0,25430,1251
USA,2020-09-12,102.0,6.0,25532,1257
USA,2020-09-13,108.0,4.0,25640,1261
USA,2020-09-14,103.0,4.0,25743,1265
USA,2020-09-15,87.0,3.0,25830,1268
USA,2020-09-16,83.0,8.0,25913,1276
USA,2020-09-17,120.0,7.0,26033,1283
USA,2020-09-18,97.0,9.0,26130,1292
USA,2020-09-19,122.0,6.0,26252,1298
USA,2020-09-20,79.0,4.0,26331,1302
USA,2020-09-21,102.0,6.0,26433,1308
USA,2020-09-22,105.0,10.0,26538,1318
USA,2020-09-23,97.0,4.0,26635,1322
USA,2020-09-24,101.0,4.0,26736,1326
USA,2020-09-25,94.0,3.0,26830,1329
USA,2020-09-26,94.0,3.0,26924,1332
USA,2020-09-27,120.0,7.0,27044,1339
USA,2020-09-28,84.0,2.0,27128,1341
USA,2020-09-29,87.0,3.0,27215,1344
USA,2020-09-30,115.0,10.0,27330,1354
USA,2020-10-01,88.0,4.0,27418,1358
USA,2020-10-02,102.0,4.0,27520,1362
USA,2020-10-03,83.0,5.0,27603,1367
USA,2020-10-04,84.0,3.0,27687,1370
USA,2020-10-05,98.0,6.0,27785,1376
USA,2020-10-06,100.0,8.0,27885,1384
USA,2020-10-07,97.0,7.0,27982,1391
USA,2020-10-08,91.0,1.0,28073,1392
USA,2020-10-09,104.0,8.0,28177,1400
USA,2020-10-10,96.0,7.0,28273,1407
USA,2020-10-11,98.0,4.0,28371,1411
USA,2020-10-12,77.0,4.0,28448,1415
USA,2020-10-13,97.0,6.0,28545,1421
USA,2020-10-14,105.0,4.0,28650,1425
USA,2020-10-15,112.0,3.0,28762,1428
USA,2020-10-16,90.0,4.0,28852,1432
USA,2020-10-17,91.0,7.0,28943,1439
USA,2020-10-18,81.0,7.0,29024,1446
USA,2020-10-19,80.0,1.0,29104,1447
USA,2020-10-20,95.0,8.0,29199,1455
USA,2020-10-21,105.0,6.0,29304,1461
USA,2020-10-22,102.0,4.0,29406,1465
USA,2020-10-23,100.0,4.0,29506,1469
USA,2020-10-24,113.0,4.0,29619,1473
USA,2020-10-25,104.0,4.0,29723,1477
USA,2020-10-26,104.0,4.0,29827,1481
USA,2020-10-27,109.0,4.0,29936,1485
USA,2020-10-28,85.0,4.0,30021,1489
USA,2020-10-29,77.0,5.0,30098,1494
USA,2020-10-30,106.0,6.0,30204,1500
USA,2020-10-31,119.0,9.0,30323,1509
USA,2020-11-01,116.0,4.0,30439,1513
USA,2020-11-02,79.0,5.0,30518,1518
USA,2020-11-03,99.0,5.0,30617,1523
USA,2020-11-04,105.0,6.0,30722,1529
USA,2020-11-05,110.0,6.0,30832,1535
USA,2020-11-06,116.0,4.0,30948,1539
USA,2020-11-07,101.0,4.0,31049,1543
USA,2020-11-08,79.0,2.0,31128,1545
USA,2020-11-09,102.0,4.0,31230,1549
USA,2020-11-10,107.0,5.0,31337,1554
USA,2020-11-11,87.0,6.0,31424,1560
USA,2020-11-12,103.0,5.0,31527,1565
USA,2020-11-13,104.0,3.0,31631,1568
USA,2020-11-14,106.0,4.0,31737,1572
USA,2020-11-15,108.0,4.0,31845,1576
USA,2020-11-16,105.0,6.0,31950,1582
USA,2020-11-17,96.0,4.0,32046,1586
USA,2020-11-18,105.0,6.0,32151,1592
USA,2020-11-19,94.0,2.0,32245,1594
USA,2020-11-20,109.0,3.0,32354,1597
USA,2020-11-21,110.0,6.0,32464,1603
USA,2020-11-22,99.0,9.0,32563,1612
USA,2020-11-23,110.0,9.0,32673,1621
USA,2020-11-24,89.0,3.0,32762,1624
USA,2020-11-25,116.0,3.0,32878,1627
USA,2020-11-26,96.0,5.0,32974,1632
USA,2020-11-27,85.0,8.0,33059,1640
USA,2020-11-28,100.0,4.0,33159,1644
USA,2020-11-29,85.0,5.0,33244,1649
USA,2020-11-30,,4.0,33341,1653
USA,2020-12-01,86.0,7.0,33427,1660
USA,2020-12-02,104.0,9.0,33531,1669
USA,2020-12-03,103.0,2.0,33634,1671
USA,2020-12-04,92.0,7.0,33726,1678
USA,2020-12-05,108.0,1.0,33834,1679
USA,2020-12-06,102.0,1.0,33936,1680
USA,2020-12-07,98.0,6.0,34034,1686
USA,2020-12-08,104.0,6.0,34138,1692
USA,2020-12-09,104.0,10.0,34242,1702
USA,2020-12-10,99.0,7.0,34341,1709
USA,2020-12-11,85.0,4.0,34426,1713
USA,2020-12-12,118.0,5.0,34544,1718
USA,2020-12-13,102.0,7.0,34646,1725
USA,2020-12-14,115.0,6.0,34761,1731
USA,2020-12-15,92.0,2.0,34853,1733
USA,2020-12-16,95.0,1.0,34948,1734
USA,2020-12-17,111.0,3.0,35059,1737
USA,2020-12-18,104.0,10.0,35163,1747
USA,2020-12-19,109.0,5.0,35272,1752
USA,2020-12-20,101.0,3.0,35373,1755
USA,2020-12-21,88.0,4.0,35461,1759
USA,2020-12-22,101.0,5.0,35562,1764
USA,2020-12-23,88.0,6.0,35650,1770
USA,2020-12-24,104.0,8.0,35754,1778
USA,2020-12-25,84.0,3.0,35838,1781
USA,2020-12-26,93.0,3.0,35931,1784
USA,2020-12-27,96.0,5.0,36027,1789
USA,2020-12-28,113.0,3.0,36140,1792
USA,2020-12-29,108.0,10.0,36248,1802
USA,2020-12-30,97.0,6.0,36345,1808
USA,2020-12-31,94.0,2.0,36439,1810
Brazil,2020-01-01,95.0,6.0,95,6
Brazil,2020-01-02,99.0,2.0,194,8
Brazil,2020-01-03,98.0,4.0,292,12
Brazil,2020-01-04,112.0,6.0,404,18
Brazil,2020-01-05,100.0,7.0,504,25
Brazil,2020-01-06,93.0,1.0,597,26
Brazil,2020-01-07,110.0,3.0,707,29
Brazil,2020-01-08,96.0,2.0,803,31
Brazil,2020-01-09,85.0,7.0,888,38
Brazil,2020-01-10,89.0,5.0,977,43
Brazil,2020-01-11,80.0,3.0,1057,46
Brazil,2020-01-12,111.0,4.0,1168,50
Brazil,2020-01-13,79.0,2.0,1247,52
Brazil,2020-01-14,111.0,4.0,1358,56
Brazil,2020-01-15,103.0,2.0,1461,58
Brazil,2020-01-16,110.0,2.0,1571,60
Brazil,2020-01-17,106.0,6.0,1677,66
Brazil,2020-01-18,82.0,5.0,1759,71
Brazil,2020-01-19,95.0,,1854,73
Brazil,2020-01-20,97.0,5.0,1951,78
Brazil,2020-01-21,110.0,3.0,2061,81
Brazil,2020-01-22,109.0,8.0,2170,89
Brazil,2020-01-23,84.0,6.0,2254,95
Brazil,2020-01-24,99.0,1.0,2353,96
Brazil,2020-01-25,97.0,6.0,2450,102
Brazil,2020-01-26,84.0,5.0,2534,107
Brazil,2020-01-27,104.0,7.0,2638,114
Brazil,2020-01-28,102.0,6.0,2740,120
Brazil,2020-01-29,95.0,7.0,2835,127
Brazil,2020-01-30,96.0,6.0,2931,133
Brazil,2020-01-31,119.0,4.0,3050,137
Brazil,2020-02-01,101.0,3.0,3151,140
Brazil,2020-02-02,99.0,4.0,3250,144
Brazil,2020-02-03,107.0,3.0,3357,147
Brazil,2020-02-04,104.0,5.0,3461,152
Brazil,2020-02-05,106.0,5.0,3567,157
Brazil,2020-02-06,99.0,3.0,3666,160
Brazil,2020-02-07,99.0,6.0,3765,166
Brazil,2020-02-08,119.0,2.0,3884,168
Brazil,2020-02-09,114.0,2.0,3998,170
Brazil,2020-02-10,99.0,4.0,4097,174
Brazil,2020-02-11,97.0,9.0,4194,183
Brazil,2020-02-12,113.0,5.0,4307,188
Brazil,2020-02-13,96.0,6.0,4403,194
Brazil,2020-02-14,79.0,6.0,4482,200
Brazil,2020-02-15,120.0,5.0,4602,205
Brazil,2020-02-16,101.0,2.0,4703,207
Brazil,2020-02-17,103.0,6.0,4806,213
Brazil,2020-02-18,95.0,3.0,4901,216
Brazil,2020-02-19,95.0,5.0,4996,221
Brazil,2020-02-20,108.0,8.0,5104,229
Brazil,2020-02-21,103.0,1.0,5207,230
Brazil,2020-02-22,90.0,7.0,5297,237
Brazil,2020-02-23,128.0,2.0,5425,239
Brazil,2020-02-24,109.0,2.0,5534,241
Brazil,2020-02-25,83.0,8.0,5617,249
Brazil,2020-02-26,92.0,4.0,5709,253
Brazil,2020-02-27,109.0,2.0,5818,255
Brazil,2020-02-28,111.0,4.0,5929,259
Brazil,2020-02-29,82.0,7.0,6011,266
Brazil,2020-03-01,100.0,4.0,6111,270
Brazil,2020-03-02,101.0,1.0,6212,271
Brazil,2020-03-03,106.0,4.0,6318,275
Brazil,2020-03-04,90.0,5.0,6408,280
Brazil,2020-03-05,102.0,2.0,6510,282
Brazil,2020-03-06,93.0,7.0,6603,289
Brazil,2020-03-07,77.0,7.0,6680,296
Brazil,2020-03-08,102.0,5.0,6782,301
,2020-03-09,,4.0,6883,305
Brazil,2020-03-10,85.0,4.0,6968,309
Brazil,2020-03-11,97.0,8.0,7065,317
Brazil,2020-03-12,105.0,5.0,7170,322
Brazil,2020-03-13,108.0,8.0,7278,330
Brazil,2020-03-14,113.0,3.0,7391,333
Brazil,2020-03-15,95.0,7.0,7486,340
Brazil,2020-03-16,107.0,4.0,7593,344
Brazil,2020-03-17,87.0,6.0,7680,350
Brazil,2020-03-18,94.0,1.0,7774,351
Brazil,2020-03-19,96.0,5.0,7870,356
Brazil,2020-03-20,107.0,6.0,7977,362
Brazil,2020-03-21,99.0,6.0,8076,368
Brazil,2020-03-22,97.0,4.0,8173,372
Brazil,2020-03-23,111.0,3.0,8284,375
Brazil,2020-03-24,99.0,5.0,8383,380
Brazil,2020-03-25,89.0,7.0,8472,387
Brazil,2020-03-26,93.0,2.0,8565,389
Brazil,2020-03-27,98.0,5.0,8663,394
Brazil,2020-03-28,93.0,5.0,8756,399
Brazil,2020-03-29,113.0,5.0,8869,404
Brazil,2020-03-30,79.0,10.0,8948,414
Brazil,2020-03-31,97.0,4.0,9045,418
Brazil,2020-04-01,101.0,3.0,9146,421
Brazil,2020-04-02,110.0,4.0,9256,425
Brazil,2020-04-03,99.0,9.0,9355,434
Brazil,2020-04-04,90.0,7.0,9445,441
Brazil,2020-04-05,96.0,4.0,9541,445
Brazil,2020-04-06,90.0,3.0,9631,448
Brazil,2020-04-07,109.0,5.0,9740,453
Brazil,2020-04-08,82.0,5.0,9822,458
Brazil,2020-04-09,83.0,4.0,9905,462
Brazil,2020-04-10,108.0,6.0,10013,468
Brazil,2020-04-11,96.0,8.0,10109,476
Brazil,2020-04-12,95.0,2.0,10204,478
Brazil,2020-04-13,104.0,4.0,10308,482
Brazil,2020-04-14,90.0,5.0,10398,487
Brazil,2020-04-15,119.0,3.0,10517,490
Brazil,2020-04-16,97.0,4.0,10614,494
Brazil,2020-04-17,99.0,6.0,10713,500
Brazil,2020-04-18,102.0,3.0,10815,503
Brazil,2020-04-19,108.0,1.0,10923,504
Brazil,2020-04-20,110.0,9.0,11033,513
Brazil,2020-04-21,111.0,4.0,11144,517
Brazil,2020-04-22,97.0,5.0,11241,522
Brazil,2020-04-23,101.0,6.0,11342,528
Brazil,2020-04-24,122.0,5.0,11464,533
Brazil,2020-04-25,95.0,2.0,11559,535
Brazil,2020-04-26,108.0,2.0,11667,537
Brazil,2020-04-27,92.0,4.0,11759,541
Brazil,2020-04-28,113.0,7.0,11872,548
Brazil,2020-04-29,100.0,5.0,11972,553
Brazil,2020-04-30,102.0,8.0,12074,561
Brazil,2020-05-01,119.0,2.0,12193,563
Brazil,2020-05-02,100.0,6.0,12293,569
Brazil,2020-05-03,115.0,6.0,12408,575
Brazil,2020-05-04,100.0,4.0,12508,579
Brazil,2020-05-05,100.0,8.0,12608,587
Brazil,2020-05-06,103.0,3.0,12711,590
Brazil,2020-05-07,87.0,3.0,12798,593
Brazil,2020-05-08,114.0,4.0,12912,597
Brazil,2020-05-09,114.0,7.0,13026,604
Brazil,2020-05-10,106.0,6.0,13132,610
Brazil,2020-05-11,93.0,5.0,13225,615
Brazil,2020-05-12,107.0,4.0,13332,619
Brazil,2020-05-13,109.0,7.0,13441,626
Brazil,2020-05-14,93.0,7.0,13534,633
Brazil,2020-05-15,106.0,6.0,13640,639
Brazil,2020-05-16,108.0,6.0,13748,645
Brazil,2020-05-17,109.0,7.0,13857,652
Brazil,2020-05-18,100.0,7.0,13957,659
Brazil,2020-05-19,100.0,5.0,14057,664
Brazil,2020-05-20,99.0,5.0,14156,669
Brazil,2020-05-21,121.0,5.0,14277,674
Brazil,2020-05-22,122.0,1.0,14399,675
Brazil,2020-05-23,95.0,8.0,14494,683
Brazil,2020-05-24,113.0,7.0,14607,690
Brazil,2020-05-25,98.0,2.0,14705,692
Brazil,2020-05-26,110.0,4.0,14815,696
Brazil,2020-05-27,113.0,4.0,14928,700
Brazil,2020-05-28,87.0,7.0,15015,707
Brazil,2020-05-29,85.0,4.0,15100,711
Brazil,2020-05-30,104.0,3.0,15204,714
Brazil,2020-05-31,116.0,4.0,15320,718
Brazil,2020-06-01,94.0,2.0,15414,720
Brazil,2020-06-02,105.0,5.0,15519,725
Brazil,2020-06-03,90.0,7.0,15609,732
Brazil,2020-06-04,92.0,7.0,15701,739
Brazil,2020-06-05,93.0,4.0,15794,743
Brazil,2020-06-06,100.0,7.0,15894,750
Brazil,2020-06-07,101.0,6.0,15995,756
Brazil,2020-06-08,104.0,2.0,16099,758
Brazil,2020-06-09,101.0,3.0,16200,761
Brazil,2020-06-10,106.0,5.0,16306,766
Brazil,2020-06-11,110.0,2.0,16416,768
Brazil,2020-06-12,115.0,3.0,16531,771
Brazil,2020-06-13,97.0,5.0,16628,776
Brazil,2020-06-14,98.0,5.0,16726,781
Brazil,2020-06-15,106.0,5.0,16832,786
Brazil,2020-06-16,94.0,4.0,16926,790
Brazil,2020-06-17,,,17017,793
Brazil,2020-06-18,87.0,5.0,17104,798
Brazil,2020-06-19,101.0,7.0,17205,805
Brazil,2020-06-20,99.0,7.0,17304,812
Brazil,2020-06-21,110.0,5.0,17414,817
Brazil,2020-06-22,113.0,4.0,17527,821
Brazil,2020-06-23,105.0,6.0,17632,827
Brazil,2020-06-24,112.0,4.0,17744,831
Brazil,2020-06-25,111.0,5.0,17855,836
Brazil,2020-06-26,119.0,2.0,17974,838
Brazil,2020-06-27,103.0,3.0,18077,841
Brazil,2020-06-28,96.0,7.0,18173,848
Brazil,2020-06-29,83.0,7.0,18256,855
Brazil,2020-06-30,90.0,3.0,18346,858
Brazil,2020-07-01,109.0,8.0,18455,866
Brazil,2020-07-02,100.0,8.0,18555,874
Brazil,2020-07-03,110.0,4.0,18665,878
Brazil,2020-07-04,89.0,5.0,18754,883
Brazil,2020-07-05,86.0,5.0,18840,888
Brazil,2020-07-06,111.0,4.0,18951,892
Brazil,2020-07-07,105.0,6.0,19056,898
Brazil,2020-07-08,91.0,5.0,19147,903
Brazil,2020-07-09,98.0,8.0,19245,911
Brazil,2020-07-10,100.0,4.0,19345,915
Brazil,2020-07-11,104.0,2.0,19449,917
Brazil,2020-07-12,98.0,4.0,19547,921
Brazil,2020-07-13,103.0,3.0,19650,924
Brazil,2020-07-14,108.0,4.0,19758,928
Brazil,2020-07-15,109.0,7.0,19867,935
Brazil,2020-07-16,114.0,5.0,19981,940
Brazil,2020-07-17,120.0,5.0,20101,945
Brazil,2020-07-18,94.0,5.0,20195,950
Brazil,2020-07-19,97.0,6.0,20292,956
Brazil,2020-07-20,108.0,3.0,20400,959
Brazil,2020-07-21,98.0,7.0,20498,966
Brazil,2020-07-22,87.0,5.0,20585,971
Brazil,2020-07-23,110.0,4.0,20695,975
Brazil,2020-07-24,103.0,6.0,20798,981
Brazil,2020-07-25,105.0,5.0,20903,986
Brazil,2020-07-26,90.0,5.0,20993,991
Brazil,2020-07-27,96.0,6.0,21089,997
Brazil,2020-07-28,95.0,3.0,21184,1000
Brazil,2020-07-29,114.0,4.0,21298,1004
Brazil,2020-07-30,102.0,4.0,21400,1008
Brazil,2020-07-31,120.0,2.0,21520,1010
Brazil,2020-08-01,94.0,4.0,21614,1014
Brazil,2020-08-02,91.0,3.0,21705,1017
Brazil,2020-08-03,116.0,7.0,21821,1024
Brazil,2020-08-04,102.0,4.0,21923,1028
Brazil,2020-08-05,99.0,5.0,22022,1033
Brazil,2020-08-06,99.0,4.0,22121,1037
Brazil,2020-08-07,94.0,5.0,22215,1042
Brazil,2020-08-08,87.0,2.0,22302,1044
Brazil,2020-08-09,104.0,4.0,22406,1048
Brazil,2020-08-10,111.0,7.0,22517,1055
Brazil,2020-08-11,78.0,5.0,22595,1060
Brazil,2020-08-12,94.0,7.0,22689,1067
Brazil,2020-08-13,92.0,4.0,22781,1071
Brazil,2020-08-14,109.0,4.0,22890,1075
Brazil,2020-08-15,105.0,4.0,22995,1079
Brazil,2020-08-16,83.0,8.0,23078,1087
Brazil,2020-08-17,93.0,7.0,23171,1094
Brazil,2020-08-18,96.0,6.0,23267,1100
Brazil,2020-08-19,101.0,2.0,23368,1102
Brazil,2020-08-20,114.0,3.0,23482,1105
Brazil,2020-08-21,93.0,7.0,23575,1112
Brazil,2020-08-22,117.0,5.0,23692,1117
Brazil,2020-08-23,98.0,7.0,23790,1124
Brazil,2020-08-24,86.0,4.0,23876,1128
Brazil,2020-08-25,106.0,6.0,23982,1134
Brazil,2020-08-26,111.0,8.0,24093,1142
Brazil,2020-08-27,111.0,5.0,24204,1147
Brazil,2020-08-28,110.0,4.0,24314,1151
Brazil,2020-08-29,93.0,4.0,24407,1155
Brazil,2020-08-30,106.0,2.0,24513,1157
Brazil,2020-08-31,113.0,5.0,24626,1162
Brazil,2020-09-01,95.0,6.0,24721,1168
Brazil,2020-09-02,95.0,7.0,24816,1175
Brazil,2020-09-03,102.0,3.0,24918,1178
Brazil,2020-09-04,85.0,7.0,25003,1185
Brazil,2020-09-05,116.0,6.0,25119,1191
Brazil,2020-09-06,110.0,7.0,25229,1198
Brazil,2020-09-07,97.0,4.0,25326,1202
Brazil,2020-09-08,104.0,2.0,25430,1204
Brazil,2020-09-09,87.0,7.0,25517,1211
Brazil,2020-09-10,97.0,5.0,25614,1216
Brazil,2020-09-11,123.0,6.0,25737,1222
Brazil,2020-09-12,121.0,6.0,25858,1228
Brazil,2020-09-13,98.0,3.0,25956,1231
Brazil,2020-09-14,98.0,6.0,26054,1237
Brazil,2020-09-15,107.0,1.0,26161,1238
Brazil,2020-09-16,88.0,5.0,26249,1243
Brazil,2020-09-17,96.0,4.0,26345,1247
Brazil,2020-09-18,105.0,3.0,26450,1250
Brazil,2020-09-19,120.0,3.0,26570,1253
Brazil,2020-09-20,94.0,2.0,26664,1255
Brazil,2020-09-21,102.0,6.0,26766,1261
Brazil,2020-09-22,95.0,4.0,26861,1265
Brazil,2020-09-23,99.0,6.0,26960,1271
Brazil,2020-09-24,106.0,2.0,27066,1273
,2020-09-25,,5.0,27171,1278
Brazil,2020-09-26,104.0,6.0,27275,1284
Brazil,2020-09-27,108.0,3.0,27383,1287
Brazil,2020-09-28,103.0,2.0,27486,1289
Brazil,2020-09-29,103.0,4.0,27589,1293
Brazil,2020-09-30,113.0,3.0,27702,1296
Brazil,2020-10-01,82.0,5.0,27784,1301
Brazil,2020-10-02,103.0,3.0,27887,1304
Brazil,2020-10-03,106.0,2.0,27993,1306
Brazil,2020-10-04,95.0,3.0,28088,1309
Brazil,2020-10-05,103.0,7.0,28191,1316
Brazil,2020-10-06,98.0,8.0,28289,1324
Brazil,2020-10-07,109.0,7.0,28398,1331
Brazil,2020-10-08,110.0,5.0,28508,1336
Brazil,2020-10-09,90.0,3.0,28598,1339
Brazil,2020-10-10,110.0,7.0,28708,1346
Brazil,2020-10-11,88.0,5.0,28796,1351
Brazil,2020-10-12,102.0,5.0,28898,1356
Brazil,2020-10-13,103.0,7.0,29001,1363
Brazil,2020-10-14,100.0,4.0,29101,1367
Brazil,2020-10-15,92.0,5.0,29193,1372
Brazil,2020-10-16,102.0,3.0,29295,1375
Brazil,2020-10-17,94.0,4.0,29389,1379
Brazil,2020-10-18,126.0,2.0,29515,1381
Brazil,2020-10-19,97.0,5.0,29612,1386
Brazil,2020-10-20,112.0,6.0,29724,1392
Brazil,2020-10-21,104.0,8.0,29828,1400
Brazil,2020-10-22,101.0,1.0,29929,1401
Brazil,2020-10-23,93.0,4.0,30022,1405
Brazil,2020-10-24,104.0,0.0,30126,1405
Brazil,2020-10-25,119.0,4.0,30245,1409
Brazil,2020-10-26,110.0,7.0,30355,1416
Brazil,2020-10-27,98.0,4.0,30453,1420
Brazil,2020-10-28,103.0,5.0,30556,1425
Brazil,2020-10-29,118.0,5.0,30674,1430
Brazil,2020-10-30,109.0,3.0,30783,1433
Brazil,2020-10-31,109.0,6.0,30892,1439
Brazil,2020-11-01,110.0,5.0,31002,1444
Brazil,2020-11-02,117.0,4.0,31119,1448
Brazil,2020-11-03,103.0,10.0,31222,1458
Brazil,2020-11-04,97.0,3.0,31319,1461
Brazil,2020-11-05,105.0,2.0,31424,1463
Brazil,2020-11-06,108.0,8.0,31532,1471
Brazil,2020-11-07,97.0,8.0,31629,1479
Brazil,2020-11-08,88.0,8.0,31717,1487
Brazil,2020-11-09,125.0,1.0,31842,1488
Brazil,2020-11-10,100.0,2.0,31942,1490
Brazil,2020-11-11,113.0,3.0,32055,1493
Brazil,2020-11-12,97.0,8.0,32152,1501
Brazil,2020-11-13,101.0,3.0,32253,1504
Brazil,2020-11-14,90.0,,32343,1509
Brazil,2020-11-15,98.0,3.0,32441,1512
Brazil,2020-11-16,106.0,5.0,32547,1517
Brazil,2020-11-17,80.0,4.0,32627,1521
Brazil,2020-11-18,110.0,4.0,32737,1525
Brazil,2020-11-19,91.0,3.0,32828,1528
Brazil,2020-11-20,100.0,8.0,32928,1536
Brazil,2020-11-21,100.0,4.0,33028,1540
Brazil,2020-11-22,105.0,8.0,33133,1548
Brazil,2020-11-23,97.0,4.0,33230,1552
Brazil,2020-11-24,89.0,5.0,33319,1557
Brazil,2020-11-25,84.0,3.0,33403,1560
Brazil,2020-11-26,100.0,2.0,33503,1562
Brazil,2020-11-27,85.0,5.0,33588,1567
Brazil,2020-11-28,95.0,2.0,33683,1569
Brazil,2020-11-29,101.0,4.0,33784,1573
Brazil,2020-11-30,89.0,6.0,33873,1579
Brazil,2020-12-01,109.0,5.0,33982,1584
Brazil,2020-12-02,100.0,3.0,34082,1587
Brazil,2020-12-03,87.0,4.0,34169,1591
Brazil,2020-12-04,99.0,7.0,34268,1598
Brazil,2020-12-05,86.0,7.0,34354,1605
Brazil,2020-12-06,95.0,4.0,34449,1609
Brazil,2020-12-07,104.0,5.0,34553,1614
Brazil,2020-12-08,121.0,5.0,34674,1619
Brazil,2020-12-09,92.0,4.0,34766,1623
Brazil,2020-12-10,99.0,4.0,34865,1627
Brazil,2020-12-11,102.0,4.0,34967,1631
Brazil,2020-12-12,106.0,6.0,35073,1637
Brazil,2020-12-13,118.0,3.0,35191,1640
Brazil,2020-12-14,102.0,3.0,35293,1643
Brazil,2020-12-15,107.0,5.0,35400,1648
Brazil,2020-12-16,95.0,7.0,35495,1655
Brazil,2020-12-17,104.0,6.0,35599,1661
Brazil,2020-12-18,99.0,4.0,35698,1665
Brazil,2020-12-19,103.0,4.0,35801,1669
Brazil,2020-12-20,91.0,6.0,35892,1675
Brazil,2020-12-21,99.0,8.0,35991,1683
Brazil,2020-12-22,111.0,7.0,36102,1690
Brazil,2020-12-23,100.0,1.0,36202,1691
Brazil,2020-12-24,105.0,3.0,36307,1694
Brazil,2020-12-25,103.0,3.0,36410,1697
Brazil,2020-12-26,107.0,5.0,36517,1702
Brazil,2020-12-27,106.0,6.0,36623,1708
Brazil,2020-12-28,94.0,6.0,36717,1714
Brazil,2020-12-29,98.0,5.0,36815,1719
Brazil,2020-12-30,96.0,2.0,36911,1721
Brazil,2020-12-31,85.0,3.0,36996,1724
Russia,2020-01-01,99.0,5.0,99,5
Russia,2020-01-02,95.0,6.0,194,11
Russia,2020-01-03,,4.0,285,15
Russia,2020-01-04,97.0,5.0,382,20
Russia,2020-01-05,102.0,6.0,484,26
Russia,2020-01-06,97.0,3.0,581,29
Russia,2020-01-07,87.0,8.0,668,37
Russia,2020-01-08,95.0,4.0,763,41
Russia,2020-01-09,103.0,5.0,866,46
Russia,2020-01-10,96.0,5.0,962,51
Russia,2020-01-11,110.0,10.0,1072,61
Russia,2020-01-12,114.0,10.0,1186,71
Russia,2020-01-13,93.0,6.0,1279,77
Russia,2020-01-14,126.0,6.0,1405,83
Russia,2020-01-15,100.0,4.0,1505,87
Russia,2020-01-16,105.0,8.0,1610,95
Russia,2020-01-17,93.0,2.0,1703,97
Russia,2020-01-18,93.0,3.0,1796,100
Russia,2020-01-19,98.0,5.0,1894,105
Russia,2020-01-20,116.0,10.0,2010,115
Russia,2020-01-21,99.0,7.0,2109,122
Russia,2020-01-22,97.0,5.0,2206,127
Russia,2020-01-23,103.0,8.0,2309,135
Russia,2020-01-24,118.0,2.0,2427,137
Russia,2020-01-25,85.0,9.0,2512,146
Russia,2020-01-26,94.0,5.0,2606,151
Russia,2020-01-27,89.0,6.0,2695,157
Russia,2020-01-28,94.0,4.0,2789,161
Russia,2020-01-29,96.0,3.0,2885,164
Russia,2020-01-30,83.0,8.0,2968,172
Russia,2020-01-31,100.0,8.0,3068,180
Russia,2020-02-01,100.0,5.0,3168,185
Russia,2020-02-02,96.0,4.0,3264,189
Russia,2020-02-03,110.0,6.0,3374,195
Russia,2020-02-04,121.0,7.0,3495,202
Russia,2020-02-05,91.0,7.0,3586,209
Russia,2020-02-06,113.0,4.0,3699,213
Russia,2020-02-07,82.0,7.0,3781,220
Russia,2020-02-08,93.0,6.0,3874,226
Russia,2020-02-09,113.0,5.0,3987,231
Russia,2020-02-10,94.0,9.0,4081,240
Russia,2020-02-11,107.0,1.0,4188,241
Russia,2020-02-12,99.0,2.0,4287,243
Russia,2020-02-13,102.0,4.0,4389,247
Russia,2020-02-14,100.0,4.0,4489,251
Russia,2020-02-15,103.0,9.0,4592,260
Russia,2020-02-16,98.0,5.0,4690,265
Russia,2020-02-17,107.0,0.0,4797,265
Russia,2020-02-18,106.0,3.0,4903,268
Russia,2020-02-19,106.0,4.0,5009,272
Russia,2020-02-20,112.0,5.0,5121,277
Russia,2020-02-21,107.0,10.0,5228,287
Russia,2020-02-22,114.0,2.0,5342,289
Russia,2020-02-23,103.0,2.0,5445,291
Russia,2020-02-24,90.0,3.0,5535,294
Russia,2020-02-25,89.0,7.0,5624,301
Russia,2020-02-26,118.0,4.0,5742,305
Russia,2020-02-27,101.0,3.0,5843,308
Russia,2020-02-28,99.0,6.0,5942,314
Russia,2020-02-29,99.0,4.0,6041,318
Russia,2020-03-01,96.0,4.0,6137,322
Russia,2020-03-02,103.0,4.0,6240,326
Russia,2020-03-03,88.0,8.0,6328,334
Russia,2020-03-04,100.0,5.0,6428,339
Russia,2020-03-05,95.0,5.0,6523,344
Russia,2020-03-06,78.0,4.0,6601,348
Russia,2020-03-07,93.0,4.0,6694,352
Russia,2020-03-08,97.0,5.0,6791,357
Russia,2020-03-09,96.0,3.0,6887,360
Russia,2020-03-10,108.0,5.0,6995,365
Russia,2020-03-11,107.0,8.0,7102,373
Russia,2020-03-12,98.0,6.0,7200,379
Russia,2020-03-13,97.0,4.0,7297,383
Russia,2020-03-14,119.0,2.0,7416,385
Russia,2020-03-15,100.0,6.0,7516,391
Russia,2020-03-16,93.0,5.0,7609,396
Russia,2020-03-17,104.0,3.0,7713,399
Russia,2020-03-18,94.0,3.0,7807,402
Russia,2020-03-19,99.0,5.0,7906,407
Russia,2020-03-20,100.0,2.0,8006,409
Russia,2020-03-21,110.0,6.0,8116,415
Russia,2020-03-22,97.0,7.0,8213,422
Russia,2020-03-23,106.0,2.0,8319,424
Russia,2020-03-24,99.0,4.0,8418,428
Russia,2020-03-25,99.0,4.0,8517,432
Russia,2020-03-26,99.0,5.0,8616,437
Russia,2020-03-27,87.0,6.0,8703,443
Russia,2020-03-28,94.0,1.0,8797,444
Russia,2020-03-29,112.0,4.0,8909,448
Russia,2020-03-30,119.0,4.0,9028,452
Russia,2020-03-31,90.0,9.0,9118,461
Russia,2020-04-01,108.0,6.0,9226,467
Russia,2020-04-02,103.0,6.0,9329,473
Russia,2020-04-03,100.0,2.0,9429,475
Russia,2020-04-04,93.0,7.0,9522,482
Russia,2020-04-05,105.0,7.0,9627,489
Russia,2020-04-06,106.0,6.0,9733,495
Russia,2020-04-07,100.0,8.0,9833,503
Russia,2020-04-08,92.0,7.0,9925,510
Russia,2020-04-09,96.0,6.0,10021,516
Russia,2020-04-10,83.0,7.0,10104,523
Russia,2020-04-11,98.0,4.0,10202,527
,2020-04-12,,,10293,528
Russia,2020-04-13,96.0,5.0,10389,533
Russia,2020-04-14,105.0,4.0,10494,537
Russia,2020-04-15,110.0,5.0,10604,542
Russia,2020-04-16,88.0,3.0,10692,545
Russia,2020-04-17,89.0,6.0,10781,551
Russia,2020-04-18,91.0,6.0,10872,557
Russia,2020-04-19,111.0,1.0,10983,558
Russia,2020-04-20,94.0,6.0,11077,564
Russia,2020-04-21,105.0,4.0,11182,568
Russia,2020-04-22,100.0,3.0,11282,571
Russia,2020-04-23,107.0,7.0,11389,578
Russia,2020-04-24,106.0,3.0,11495,581
Russia,2020-04-25,125.0,7.0,11620,588
Russia,2020-04-26,94.0,4.0,11714,592
Russia,2020-04-27,110.0,7.0,11824,599
Russia,2020-04-28,91.0,5.0,11915,604
Russia,2020-04-29,104.0,6.0,12019,610
Russia,2020-04-30,85.0,1.0,12104,611
Russia,2020-05-01,116.0,6.0,12220,617
Russia,2020-05-02,115.0,4.0,12335,621
Russia,2020-05-03,117.0,5.0,12452,626
Russia,2020-05-04,110.0,7.0,12562,633
Russia,2020-05-05,92.0,5.0,12654,638
Russia,2020-05-06,100.0,7.0,12754,645
Russia,2020-05-07,103.0,3.0,12857,648
Russia,2020-05-08,107.0,3.0,12964,651
Russia,2020-05-09,96.0,5.0,13060,656
Russia,2020-05-10,106.0,4.0,13166,660
Russia,2020-05-11,100.0,3.0,13266,663
Russia,2020-05-12,108.0,5.0,13374,668
Russia,2020-05-13,112.0,5.0,13486,673
Russia,2020-05-14,104.0,4.0,13590,677
Russia,2020-05-15,104.0,7.0,13694,684
Russia,2020-05-16,109.0,6.0,13803,690
Russia,2020-05-17,97.0,4.0,13900,694
Russia,2020-05-18,100.0,3.0,14000,697
Russia,2020-05-19,108.0,7.0,14108,704
Russia,2020-05-20,89.0,2.0,14197,706
Russia,2020-05-21,114.0,6.0,14311,712
Russia,2020-05-22,94.0,3.0,14405,715
Russia,2020-05-23,86.0,6.0,14491,721
Russia,2020-05-24,93.0,6.0,14584,727
Russia,2020-05-25,112.0,7.0,14696,734
Russia,2020-05-26,99.0,5.0,14795,739
Russia,2020-05-27,106.0,3.0,14901,742
Russia,2020-05-28,102.0,7.0,15003,749
Russia,2020-05-29,99.0,5.0,15102,754
Russia,2020-05-30,117.0,8.0,15219,762
Russia,2020-05-31,85.0,3.0,15304,765
Russia,2020-06-01,105.0,7.0,15409,772
Russia,2020-06-02,92.0,4.0,15501,776
Russia,2020-06-03,106.0,5.0,15607,781
Russia,2020-06-04,124.0,3.0,15731,784
Russia,2020-06-05,100.0,4.0,15831,788
Russia,2020-06-06,109.0,5.0,15940,793
Russia,2020-06-07,106.0,7.0,16046,800
Russia,2020-06-08,110.0,3.0,16156,803
Russia,2020-06-09,104.0,3.0,16260,806
Russia,2020-06-10,96.0,8.0,16356,814
Russia,2020-06-11,89.0,8.0,16445,822
Russia,2020-06-12,101.0,5.0,16546,827
Russia,2020-06-13,100.0,4.0,16646,831
Russia,2020-06-14,93.0,5.0,16739,836
Russia,2020-06-15,120.0,4.0,16859,840
Russia,2020-06-16,98.0,5.0,16957,845
Russia,2020-06-17,111.0,5.0,17068,850
Russia,2020-06-18,100.0,9.0,17168,859
Russia,2020-06-19,115.0,3.0,17283,862
Russia,2020-06-20,101.0,6.0,17384,868
Russia,2020-06-21,110.0,6.0,17494,874
Russia,2020-06-22,77.0,5.0,17571,879
Russia,2020-06-23,112.0,4.0,17683,883
Russia,2020-06-24,92.0,5.0,17775,888
Russia,2020-06-25,73.0,7.0,17848,895
Russia,2020-06-26,86.0,8.0,17934,903
Russia,2020-06-27,105.0,4.0,18039,907
Russia,2020-06-28,115.0,6.0,18154,913
Russia,2020-06-29,84.0,6.0,18238,919
Russia,2020-06-30,94.0,6.0,18332,925
Russia,2020-07-01,112.0,4.0,18444,929
Russia,2020-07-02,112.0,10.0,18556,939
Russia,2020-07-03,111.0,5.0,18667,944
Russia,2020-07-04,115.0,5.0,18782,949
Russia,2020-07-05,106.0,3.0,18888,952
Russia,2020-07-06,91.0,9.0,18979,961
Russia,2020-07-07,95.0,5.0,19074,966
Russia,2020-07-08,94.0,9.0,19168,975
Russia,2020-07-09,96.0,9.0,19264,984
Russia,2020-07-10,82.0,12.0,19346,996
Russia,2020-07-11,99.0,4.0,19445,1000
Russia,2020-07-12,92.0,3.0,19537,1003
Russia,2020-07-13,89.0,7.0,19626,1010
Russia,2020-07-14,107.0,4.0,19733,1014
Russia,2020-07-15,107.0,8.0,19840,1022
Russia,2020-07-16,98.0,6.0,19938,1028
Russia,2020-07-17,102.0,5.0,20040,1033
Russia,2020-07-18,105.0,6.0,20145,1039
Russia,2020-07-19,104.0,7.0,20249,1046
Russia,2020-07-20,90.0,8.0,20339,1054
Russia,2020-07-21,,4.0,20437,1058
Russia,2020-07-22,108.0,4.0,20545,1062
Russia,2020-07-23,109.0,7.0,20654,1069
Russia,2020-07-24,91.0,9.0,20745,1078
Russia,2020-07-25,91.0,6.0,20836,1084
Russia,2020-07-26,95.0,5.0,20931,1089
Russia,2020-07-27,84.0,7.0,21015,1096
Russia,2020-07-28,102.0,4.0,21117,1100
Russia,2020-07-29,124.0,5.0,21241,1105
Russia,2020-07-30,91.0,8.0,21332,1113
Russia,2020-07-31,99.0,6.0,21431,1119
Russia,2020-08-01,100.0,6.0,21531,1125
Russia,2020-08-02,103.0,3.0,21634,1128
Russia,2020-08-03,130.0,4.0,21764,1132
Russia,2020-08-04,102.0,5.0,21866,1137
Russia,2020-08-05,96.0,4.0,21962,1141
Russia,2020-08-06,93.0,2.0,22055,1143
Russia,2020-08-07,111.0,2.0,22166,1145
Russia,2020-08-08,91.0,7.0,22257,1152
Russia,2020-08-09,97.0,1.0,22354,1153
Russia,2020-08-10,104.0,3.0,22458,1156
Russia,2020-08-11,100.0,4.0,22558,1160
Russia,2020-08-12,108.0,8.0,22666,1168
Russia,2020-08-13,90.0,3.0,22756,1171
Russia,2020-08-14,95.0,5.0,22851,1176
Russia,2020-08-15,108.0,7.0,22959,1183
Russia,2020-08-16,101.0,4.0,23060,1187
Russia,2020-08-17,105.0,8.0,23165,1195
Russia,2020-08-18,102.0,5.0,23267,1200
Russia,2020-08-19,105.0,9.0,23372,1209
Russia,2020-08-20,87.0,5.0,23459,1214
Russia,2020-08-21,96.0,10.0,23555,1224
Russia,2020-08-22,116.0,5.0,23671,1229
Russia,2020-08-23,93.0,11.0,23764,1240
Russia,2020-08-24,96.0,2.0,23860,1242
Russia,2020-08-25,89.0,7.0,23949,1249
Russia,2020-08-26,107.0,3.0,24056,1252
Russia,2020-08-27,84.0,6.0,24140,1258
Russia,2020-08-28,94.0,5.0,24234,1263
Russia,2020-08-29,96.0,8.0,24330,1271
Russia,2020-08-30,95.0,9.0,24425,1280
Russia,2020-08-31,85.0,5.0,24510,1285
Russia,2020-09-01,98.0,8.0,24608,1293
Russia,2020-09-02,111.0,7.0,24719,1300
Russia,2020-09-03,94.0,6.0,24813,1306
Russia,2020-09-04,105.0,3.0,24918,1309
Russia,2020-09-05,103.0,7.0,25021,1316
Russia,2020-09-06,95.0,4.0,25116,1320
Russia,2020-09-07,100.0,9.0,25216,1329
Russia,2020-09-08,109.0,6.0,25325,1335
Russia,2020-09-09,88.0,,25413,1339
Russia,2020-09-10,100.0,7.0,25513,1346
Russia,2020-09-11,88.0,3.0,25601,1349
Russia,2020-09-12,98.0,3.0,25699,1352
Russia,2020-09-13,97.0,6.0,25796,1358
Russia,2020-09-14,104.0,6.0,25900,1364
Russia,2020-09-15,89.0,6.0,25989,1370
Russia,2020-09-16,115.0,4.0,26104,1374
Russia,2020-09-17,93.0,7.0,26197,1381
Russia,2020-09-18,88.0,3.0,26285,1384
Russia,2020-09-19,93.0,5.0,26378,1389
Russia,2020-09-20,114.0,8.0,26492,1397
Russia,2020-09-21,87.0,4.0,26579,1401
Russia,2020-09-22,124.0,2.0,26703,1403
Russia,2020-09-23,100.0,9.0,26803,1412
Russia,2020-09-24,94.0,2.0,26897,1414
Russia,2020-09-25,111.0,5.0,27008,1419
Russia,2020-09-26,112.0,7.0,27120,1426
Russia,2020-09-27,89.0,1.0,27209,1427
Russia,2020-09-28,93.0,5.0,27302,1432
Russia,2020-09-29,108.0,7.0,27410,1439
Russia,2020-09-30,119.0,7.0,27529,1446
Russia,2020-10-01,98.0,4.0,27627,1450
Russia,2020-10-02,97.0,7.0,27724,1457
Russia,2020-10-03,101.0,7.0,27825,1464
Russia,2020-10-04,97.0,2.0,27922,1466
Russia,2020-10-05,97.0,9.0,28019,1475
Russia,2020-10-06,85.0,1.0,28104,1476
Russia,2020-10-07,90.0,10.0,28194,1486
Russia,2020-10-08,98.0,3.0,28292,1489
Russia,2020-10-09,113.0,2.0,28405,1491
Russia,2020-10-10,98.0,5.0,28503,1496
Russia,2020-10-11,105.0,4.0,28608,1500
Russia,2020-10-12,98.0,6.0,28706,1506
Russia,2020-10-13,102.0,5.0,28808,1511
Russia,2020-10-14,120.0,4.0,28928,1515
Russia,2020-10-15,97.0,8.0,29025,1523
Russia,2020-10-16,95.0,4.0,29120,1527
Russia,2020-10-17,104.0,4.0,29224,1531
Russia,2020-10-18,91.0,7.0,29315,1538
Russia,2020-10-19,115.0,7.0,29430,1545
Russia,2020-10-20,110.0,7.0,29540,1552
Russia,2020-10-21,110.0,7.0,29650,1559
Russia,2020-10-22,113.0,2.0,29763,1561
Russia,2020-10-23,100.0,4.0,29863,1565
Russia,2020-10-24,109.0,7.0,29972,1572
Russia,2020-10-25,104.0,4.0,30076,1576
Russia,2020-10-26,115.0,5.0,30191,1581
Russia,2020-10-27,105.0,7.0,30296,1588
Russia,2020-10-28,97.0,3.0,30393,1591
,2020-10-29,,2.0,30502,1593
Russia,2020-10-30,101.0,1.0,30603,1594
Russia,2020-10-31,86.0,9.0,30689,1603
Russia,2020-11-01,103.0,7.0,30792,1610
Russia,2020-11-02,96.0,2.0,30888,1612
Russia,2020-11-03,102.0,9.0,30990,1621
Russia,2020-11-04,109.0,4.0,31099,1625
Russia,2020-11-05,95.0,3.0,31194,1628
Russia,2020-11-06,94.0,3.0,31288,1631
Russia,2020-11-07,100.0,4.0,31388,1635
Russia,2020-11-08,104.0,8.0,31492,1643
Russia,2020-11-09,87.0,2.0,31579,1645
Russia,2020-11-10,103.0,4.0,31682,1649
Russia,2020-11-11,82.0,4.0,31764,1653
Russia,2020-11-12,102.0,4.0,31866,1657
Russia,2020-11-13,106.0,7.0,31972,1664
Russia,2020-11-14,95.0,4.0,32067,1668
Russia,2020-11-15,75.0,5.0,32142,1673
Russia,2020-11-16,100.0,6.0,32242,1679
Russia,2020-11-17,98.0,2.0,32340,1681
Russia,2020-11-18,62.0,2.0,32402,1683
Russia,2020-11-19,87.0,10.0,32489,1693
Russia,2020-11-20,104.0,0.0,32593,1693
Russia,2020-11-21,99.0,3.0,32692,1696
Russia,2020-11-22,89.0,5.0,32781,1701
Russia,2020-11-23,69.0,5.0,32850,1706
Russia,2020-11-24,102.0,8.0,32952,1714
Russia,2020-11-25,119.0,5.0,33071,1719
Russia,2020-11-26,85.0,3.0,33156,1722
Russia,2020-11-27,103.0,7.0,33259,1729
Russia,2020-11-28,114.0,6.0,33373,1735
Russia,2020-11-29,116.0,4.0,33489,1739
Russia,2020-11-30,97.0,9.0,33586,1748
Russia,2020-12-01,86.0,4.0,33672,1752
Russia,2020-12-02,86.0,2.0,33758,1754
Russia,2020-12-03,115.0,3.0,33873,1757
Russia,2020-12-04,98.0,4.0,33971,1761
Russia,2020-12-05,118.0,9.0,34089,1770
Russia,2020-12-06,85.0,2.0,34174,1772
Russia,2020-12-07,92.0,3.0,34266,1775
Russia,2020-12-08,90.0,3.0,34356,1778
Russia,2020-12-09,87.0,8.0,34443,1786
Russia,2020-12-10,111.0,9.0,34554,1795
Russia,2020-12-11,113.0,3.0,34667,1798
Russia,2020-12-12,97.0,6.0,34764,1804
Russia,2020-12-13,85.0,5.0,34849,1809
Russia,2020-12-14,94.0,3.0,34943,1812
Russia,2020-12-15,109.0,10.0,35052,1822
Russia,2020-12-16,82.0,2.0,35134,1824
Russia,2020-12-17,102.0,5.0,35236,1829
Russia,2020-12-18,94.0,8.0,35330,1837
Russia,2020-12-19,104.0,7.0,35434,1844
Russia,2020-12-20,93.0,7.0,35527,1851
Russia,2020-12-21,102.0,8.0,35629,1859
Russia,2020-12-22,125.0,3.0,35754,1862
Russia,2020-12-23,108.0,3.0,35862,1865
Russia,2020-12-24,94.0,5.0,35956,1870
Russia,2020-12-25,112.0,5.0,36068,1875
Russia,2020-12-26,109.0,5.0,36177,1880
Russia,2020-12-27,107.0,7.0,36284,1887
Russia,2020-12-28,99.0,8.0,36383,1895
Russia,2020-12-29,93.0,4.0,36476,1899
Russia,2020-12-30,112.0,5.0,36588,1904
Russia,2020-12-31,92.0,5.0,36680,1909
UK,2020-01-01,82.0,4.0,82,4
UK,2020-01-02,95.0,6.0,177,10
UK,2020-01-03,105.0,5.0,282,15
UK,2020-01-04,97.0,8.0,379,23
UK,2020-01-05,94.0,5.0,473,28
UK,2020-01-06,87.0,1.0,560,29
UK,2020-01-07,115.0,8.0,675,37
UK,2020-01-08,105.0,2.0,780,39
UK,2020-01-09,90.0,4.0,870,43
UK,2020-01-10,93.0,7.0,963,50
UK,2020-01-11,118.0,1.0,1081,51
UK,2020-01-12,85.0,12.0,1166,63
UK,2020-01-13,108.0,3.0,1274,66
UK,2020-01-14,103.0,5.0,1377,71
UK,2020-01-15,107.0,6.0,1484,77
UK,2020-01-16,108.0,2.0,1592,79
UK,2020-01-17,98.0,6.0,1690,85
UK,2020-01-18,96.0,7.0,1786,92
UK,2020-01-19,107.0,5.0,1893,97
UK,2020-01-20,90.0,5.0,1983,102
UK,2020-01-21,109.0,7.0,2092,109
UK,2020-01-22,85.0,5.0,2177,114
UK,2020-01-23,105.0,3.0,2282,117
UK,2020-01-24,90.0,5.0,2372,122
UK,2020-01-25,109.0,4.0,2481,126
UK,2020-01-26,103.0,4.0,2584,130
UK,2020-01-27,97.0,5.0,2681,135
UK,2020-01-28,115.0,6.0,2796,141
UK,2020-01-29,125.0,8.0,2921,149
UK,2020-01-30,91.0,4.0,3012,153
UK,2020-01-31,76.0,7.0,3088,160
UK,2020-02-01,86.0,6.0,3174,166
UK,2020-02-02,111.0,4.0,3285,170
UK,2020-02-03,114.0,5.0,3399,175
UK,2020-02-04,111.0,3.0,3510,178
UK,2020-02-05,106.0,4.0,3616,182
UK,2020-02-06,,,3704,188
UK,2020-02-07,94.0,5.0,3798,193
UK,2020-02-08,94.0,4.0,3892,197
UK,2020-02-09,84.0,4.0,3976,201
UK,2020-02-10,97.0,5.0,4073,206
UK,2020-02-11,105.0,4.0,4178,210
UK,2020-02-12,105.0,7.0,4283,217
UK,2020-02-13,100.0,5.0,4383,222
UK,2020-02-14,111.0,1.0,4494,223
UK,2020-02-15,103.0,0.0,4597,223
UK,2020-02-16,103.0,2.0,4700,225
UK,2020-02-17,94.0,4.0,4794,229
UK,2020-02-18,83.0,3.0,4877,232
UK,2020-02-19,103.0,6.0,4980,238
UK,2020-02-20,101.0,10.0,5081,248
UK,2020-02-21,102.0,4.0,5183,252
UK,2020-02-22,95.0,7.0,5278,259
UK,2020-02-23,93.0,7.0,5371,266
UK,2020-02-24,98.0,6.0,5469,272
UK,2020-02-25,103.0,4.0,5572,276
UK,2020-02-26,93.0,3.0,5665,279
UK,2020-02-27,104.0,5.0,5769,284
UK,2020-02-28,117.0,3.0,5886,287
UK,2020-02-29,101.0,9.0,5987,296
UK,2020-03-01,97.0,5.0,6084,301
UK,2020-03-02,99.0,2.0,6183,303
UK,2020-03-03,101.0,8.0,6284,311
UK,2020-03-04,85.0,2.0,6369,313
UK,2020-03-05,95.0,7.0,6464,320
UK,2020-03-06,101.0,7.0,6565,327
UK,2020-03-07,107.0,5.0,6672,332
UK,2020-03-08,108.0,5.0,6780,337
UK,2020-03-09,88.0,3.0,6868,340
UK,2020-03-10,82.0,3.0,6950,343
UK,2020-03-11,115.0,7.0,7065,350
UK,2020-03-12,104.0,7.0,7169,357
UK,2020-03-13,100.0,4.0,7269,361
UK,2020-03-14,96.0,2.0,7365,363
UK,2020-03-15,105.0,4.0,7470,367
UK,2020-03-16,103.0,9.0,7573,376
UK,2020-03-17,96.0,7.0,7669,383
UK,2020-03-18,92.0,4.0,7761,387
UK,2020-03-19,94.0,9.0,7855,396
UK,2020-03-20,106.0,6.0,7961,402
UK,2020-03-21,103.0,1.0,8064,403
UK,2020-03-22,85.0,5.0,8149,408
UK,2020-03-23,103.0,2.0,8252,410
UK,2020-03-24,96.0,4.0,8348,414
UK,2020-03-25,97.0,5.0,8445,419
UK,2020-03-26,114.0,6.0,8559,425
UK,2020-03-27,110.0,6.0,8669,431
UK,2020-03-28,109.0,6.0,8778,437
UK,2020-03-29,125.0,8.0,8903,445
UK,2020-03-30,83.0,7.0,8986,452
UK,2020-03-31,85.0,4.0,9071,456
UK,2020-04-01,113.0,10.0,9184,466
UK,2020-04-02,103.0,6.0,9287,472
UK,2020-04-03,98.0,9.0,9385,481
UK,2020-04-04,89.0,2.0,9474,483
UK,2020-04-05,108.0,4.0,9582,487
UK,2020-04-06,98.0,8.0,9680,495
UK,2020-04-07,90.0,5.0,9770,500
UK,2020-04-08,118.0,4.0,9888,504
UK,2020-04-09,89.0,4.0,9977,508
UK,2020-04-10,100.0,6.0,10077,514
UK,2020-04-11,134.0,2.0,10211,516
UK,2020-04-12,128.0,6.0,10339,522
UK,2020-04-13,112.0,7.0,10451,529
UK,2020-04-14,74.0,3.0,10525,532
UK,2020-04-15,98.0,4.0,10623,536
UK,2020-04-16,111.0,9.0,10734,545
UK,2020-04-17,102.0,2.0,10836,547
UK,2020-04-18,110.0,6.0,10946,553
UK,2020-04-19,102.0,9.0,11048,562
UK,2020-04-20,121.0,4.0,11169,566
UK,2020-04-21,106.0,3.0,11275,569
UK,2020-04-22,89.0,4.0,11364,573
UK,2020-04-23,109.0,6.0,11473,579
UK,2020-04-24,84.0,7.0,11557,586
UK,2020-04-25,81.0,1.0,11638,587
UK,2020-04-26,89.0,5.0,11727,592
UK,2020-04-27,120.0,4.0,11847,596
UK,2020-04-28,84.0,6.0,11931,602
UK,2020-04-29,92.0,3.0,12023,605
UK,2020-04-30,101.0,3.0,12124,608
UK,2020-05-01,97.0,6.0,12221,614
UK,2020-05-02,107.0,3.0,12328,617
UK,2020-05-03,76.0,8.0,12404,625
UK,2020-05-04,82.0,6.0,12486,631
UK,2020-05-05,100.0,8.0,12586,639
UK,2020-05-06,94.0,8.0,12680,647
UK,2020-05-07,106.0,2.0,12786,649
UK,2020-05-08,111.0,7.0,12897,656
UK,2020-05-09,88.0,6.0,12985,662
UK,2020-05-10,98.0,3.0,13083,665
UK,2020-05-11,95.0,7.0,13178,672
UK,2020-05-12,113.0,5.0,13291,677
UK,2020-05-13,106.0,4.0,13397,681
UK,2020-05-14,102.0,5.0,13499,686
UK,2020-05-15,101.0,5.0,13600,691
,2020-05-16,,9.0,13700,700
UK,2020-05-17,90.0,3.0,13790,703
UK,2020-05-18,114.0,5.0,13904,708
UK,2020-05-19,100.0,6.0,14004,714
UK,2020-05-20,107.0,4.0,14111,718
UK,2020-05-21,94.0,5.0,14205,723
UK,2020-05-22,115.0,4.0,14320,727
UK,2020-05-23,94.0,5.0,14414,732
UK,2020-05-24,112.0,3.0,14526,735
UK,2020-05-25,103.0,6.0,14629,741
UK,2020-05-26,107.0,5.0,14736,746
UK,2020-05-27,80.0,3.0,14816,749
UK,2020-05-28,101.0,1.0,14917,750
UK,2020-05-29,96.0,6.0,15013,756
UK,2020-05-30,91.0,3.0,15104,759
UK,2020-05-31,91.0,7.0,15195,766
UK,2020-06-01,119.0,8.0,15314,774
UK,2020-06-02,116.0,6.0,15430,780
UK,2020-06-03,103.0,3.0,15533,783
UK,2020-06-04,90.0,7.0,15623,790
UK,2020-06-05,103.0,2.0,15726,792
UK,2020-06-06,84.0,3.0,15810,795
UK,2020-06-07,103.0,7.0,15913,802
UK,2020-06-08,93.0,5.0,16006,807
UK,2020-06-09,91.0,2.0,16097,809
UK,2020-06-10,118.0,7.0,16215,816
UK,2020-06-11,101.0,4.0,16316,820
UK,2020-06-12,87.0,5.0,16403,825
UK,2020-06-13,117.0,4.0,16520,829
UK,2020-06-14,94.0,4.0,16614,833
UK,2020-06-15,102.0,5.0,16716,838
UK,2020-06-16,110.0,3.0,16826,841
UK,2020-06-17,80.0,5.0,16906,846
UK,2020-06-18,88.0,8.0,16994,854
UK,2020-06-19,87.0,2.0,17081,856
UK,2020-06-20,121.0,1.0,17202,857
UK,2020-06-21,92.0,6.0,17294,863
UK,2020-06-22,120.0,3.0,17414,866
UK,2020-06-23,88.0,6.0,17502,872
UK,2020-06-24,100.0,2.0,17602,874
UK,2020-06-25,94.0,4.0,17696,878
UK,2020-06-26,89.0,8.0,17785,886
UK,2020-06-27,99.0,8.0,17884,894
UK,2020-06-28,96.0,3.0,17980,897
UK,2020-06-29,103.0,6.0,18083,903
UK,2020-06-30,102.0,8.0,18185,911
UK,2020-07-01,94.0,3.0,18279,914
UK,2020-07-02,104.0,5.0,18383,919
UK,2020-07-03,107.0,5.0,18490,924
UK,2020-07-04,97.0,3.0,18587,927
UK,2020-07-05,102.0,,18689,931
UK,2020-07-06,110.0,6.0,18799,937
UK,2020-07-07,116.0,3.0,18915,940
UK,2020-07-08,105.0,5.0,19020,945
UK,2020-07-09,83.0,3.0,19103,948
UK,2020-07-10,95.0,2.0,19198,950
UK,2020-07-11,99.0,6.0,19297,956
UK,2020-07-12,102.0,9.0,19399,965
UK,2020-07-13,96.0,3.0,19495,968
UK,2020-07-14,107.0,11.0,19602,979
UK,2020-07-15,110.0,3.0,19712,982
UK,2020-07-16,110.0,4.0,19822,986
UK,2020-07-17,100.0,2.0,19922,988
UK,2020-07-18,103.0,2.0,20025,990
UK,2020-07-19,99.0,8.0,20124,998
UK,2020-07-20,87.0,3.0,20211,1001
UK,2020-07-21,106.0,3.0,20317,1004
UK,2020-07-22,93.0,4.0,20410,1008
UK,2020-07-23,94.0,8.0,20504,1016
UK,2020-07-24,104.0,3.0,20608,1019
UK,2020-07-25,100.0,5.0,20708,1024
UK,2020-07-26,90.0,7.0,20798,1031
UK,2020-07-27,127.0,7.0,20925,1038
UK,2020-07-28,112.0,9.0,21037,1047
UK,2020-07-29,89.0,3.0,21126,1050
UK,2020-07-30,74.0,6.0,21200,1056
UK,2020-07-31,90.0,5.0,21290,1061
UK,2020-08-01,91.0,10.0,21381,1071
UK,2020-08-02,83.0,5.0,21464,1076
UK,2020-08-03,108.0,9.0,21572,1085
UK,2020-08-04,103.0,1.0,21675,1086
UK,2020-08-05,86.0,4.0,21761,1090
UK,2020-08-06,93.0,2.0,21854,1092
UK,2020-08-07,90.0,6.0,21944,1098
UK,2020-08-08,84.0,10.0,22028,1108
UK,2020-08-09,93.0,3.0,22121,1111
UK,2020-08-10,110.0,5.0,22231,1116
UK,2020-08-11,80.0,7.0,22311,1123
UK,2020-08-12,101.0,1.0,22412,1124
UK,2020-08-13,104.0,2.0,22516,1126
UK,2020-08-14,97.0,10.0,22613,1136
UK,2020-08-15,127.0,4.0,22740,1140
UK,2020-08-16,119.0,5.0,22859,1145
UK,2020-08-17,91.0,3.0,22950,1148
UK,2020-08-18,101.0,11.0,23051,1159
UK,2020-08-19,94.0,4.0,23145,1163
UK,2020-08-20,111.0,4.0,23256,1167
UK,2020-08-21,96.0,6.0,23352,1173
UK,2020-08-22,98.0,3.0,23450,1176
UK,2020-08-23,106.0,7.0,23556,1183
UK,2020-08-24,,9.0,23643,1192
UK,2020-08-25,85.0,4.0,23728,1196
UK,2020-08-26,113.0,3.0,23841,1199
UK,2020-08-27,113.0,3.0,23954,1202
UK,2020-08-28,94.0,7.0,24048,1209
UK,2020-08-29,80.0,2.0,24128,1211
UK,2020-08-30,88.0,11.0,24216,1222
UK,2020-08-31,93.0,2.0,24309,1224
UK,2020-09-01,88.0,8.0,24397,1232
UK,2020-09-02,85.0,7.0,24482,1239
UK,2020-09-03,112.0,2.0,24594,1241
UK,2020-09-04,108.0,9.0,24702,1250
UK,2020-09-05,83.0,6.0,24785,1256
UK,2020-09-06,115.0,4.0,24900,1260
UK,2020-09-07,90.0,9.0,24990,1269
UK,2020-09-08,112.0,2.0,25102,1271
UK,2020-09-09,91.0,3.0,25193,1274
UK,2020-09-10,100.0,3.0,25293,1277
UK,2020-09-11,99.0,2.0,25392,1279
UK,2020-09-12,92.0,6.0,25484,1285
UK,2020-09-13,114.0,1.0,25598,1286
UK,2020-09-14,104.0,5.0,25702,1291
UK,2020-09-15,87.0,4.0,25789,1295
UK,2020-09-16,99.0,4.0,25888,1299
UK,2020-09-17,88.0,3.0,25976,1302
UK,2020-09-18,93.0,8.0,26069,1310
UK,2020-09-19,112.0,14.0,26181,1324
UK,2020-09-20,119.0,6.0,26300,1330
UK,2020-09-21,94.0,6.0,26394,1336
UK,2020-09-22,109.0,2.0,26503,1338
UK,2020-09-23,109.0,1.0,26612,1339
UK,2020-09-24,103.0,8.0,26715,1347
UK,2020-09-25,130.0,7.0,26845,1354
UK,2020-09-26,101.0,5.0,26946,1359
UK,2020-09-27,107.0,4.0,27053,1363
UK,2020-09-28,111.0,7.0,27164,1370
UK,2020-09-29,96.0,6.0,27260,1376
UK,2020-09-30,94.0,6.0,27354,1382
UK,2020-10-01,101.0,3.0,27455,1385
UK,2020-10-02,102.0,3.0,27557,1388
UK,2020-10-03,111.0,4.0,27668,1392
UK,2020-10-04,106.0,6.0,27774,1398
UK,2020-10-05,101.0,7.0,27875,1405
UK,2020-10-06,92.0,8.0,27967,1413
UK,2020-10-07,100.0,6.0,28067,1419
UK,2020-10-08,100.0,4.0,28167,1423
UK,2020-10-09,95.0,4.0,28262,1427
UK,2020-10-10,103.0,5.0,28365,1432
UK,2020-10-11,97.0,4.0,28462,1436
UK,2020-10-12,99.0,6.0,28561,1442
UK,2020-10-13,120.0,6.0,28681,1448
UK,2020-10-14,99.0,6.0,28780,1454
UK,2020-10-15,84.0,10.0,28864,1464
UK,2020-10-16,84.0,12.0,28948,1476
UK,2020-10-17,96.0,7.0,29044,1483
UK,2020-10-18,93.0,5.0,29137,1488
UK,2020-10-19,90.0,10.0,29227,1498
UK,2020-10-20,111.0,7.0,29338,1505
UK,2020-10-21,111.0,4.0,29449,1509
UK,2020-10-22,101.0,5.0,29550,1514
UK,2020-10-23,73.0,4.0,29623,1518
UK,2020-10-24,107.0,7.0,29730,1525
UK,2020-10-25,110.0,3.0,29840,1528
UK,2020-10-26,90.0,2.0,29930,1530
UK,2020-10-27,102.0,4.0,30032,1534
UK,2020-10-28,97.0,6.0,30129,1540
UK,2020-10-29,95.0,4.0,30224,1544
UK,2020-10-30,102.0,6.0,30326,1550
UK,2020-10-31,114.0,6.0,30440,1556
UK,2020-11-01,99.0,3.0,30539,1559
UK,2020-11-02,101.0,5.0,30640,1564
UK,2020-11-03,102.0,2.0,30742,1566
UK,2020-11-04,96.0,5.0,30838,1571
UK,2020-11-05,100.0,2.0,30938,1573
UK,2020-11-06,99.0,8.0,31037,1581
UK,2020-11-07,118.0,6.0,31155,1587
UK,2020-11-08,97.0,5.0,31252,1592
UK,2020-11-09,94.0,6.0,31346,1598
UK,2020-11-10,98.0,1.0,31444,1599
UK,2020-11-11,101.0,0.0,31545,1599
UK,2020-11-12,94.0,6.0,31639,1605
UK,2020-11-13,100.0,6.0,31739,1611
UK,2020-11-14,91.0,8.0,31830,1619
UK,2020-11-15,107.0,7.0,31937,1626
UK,2020-11-16,102.0,4.0,32039,1630
UK,2020-11-17,86.0,6.0,32125,1636
UK,2020-11-18,119.0,2.0,32244,1638
UK,2020-11-19,102.0,7.0,32346,1645
UK,2020-11-20,84.0,1.0,32430,1646
UK,2020-11-21,101.0,1.0,32531,1647
UK,2020-11-22,87.0,4.0,32618,1651
UK,2020-11-23,100.0,4.0,32718,1655
UK,2020-11-24,97.0,9.0,32815,1664
UK,2020-11-25,119.0,3.0,32934,1667
UK,2020-11-26,102.0,6.0,33036,1673
UK,2020-11-27,90.0,3.0,33126,1676
UK,2020-11-28,98.0,4.0,33224,1680
UK,2020-11-29,103.0,7.0,33327,1687
UK,2020-11-30,97.0,6.0,33424,1693
UK,2020-12-01,89.0,6.0,33513,1699
,2020-12-02,,,33621,1709
UK,2020-12-03,78.0,4.0,33699,1713
UK,2020-12-04,90.0,4.0,33789,1717
UK,2020-12-05,99.0,7.0,33888,1724
UK,2020-12-06,109.0,7.0,33997,1731
UK,2020-12-07,117.0,6.0,34114,1737
UK,2020-12-08,88.0,5.0,34202,1742
UK,2020-12-09,113.0,4.0,34315,1746
UK,2020-12-10,105.0,2.0,34420,1748
UK,2020-12-11,84.0,2.0,34504,1750
UK,2020-12-12,103.0,4.0,34607,1754
UK,2020-12-13,119.0,2.0,34726,1756
UK,2020-12-14,97.0,3.0,34823,1759
UK,2020-12-15,85.0,3.0,34908,1762
UK,2020-12-16,104.0,6.0,35012,1768
UK,2020-12-17,99.0,4.0,35111,1772
UK,2020-12-18,98.0,4.0,35209,1776
UK,2020-12-19,91.0,5.0,35300,1781
UK,2020-12-20,100.0,5.0,35400,1786
UK,2020-12-21,116.0,2.0,35516,1788
UK,2020-12-22,93.0,11.0,35609,1799
UK,2020-12-23,91.0,5.0,35700,1804
UK,2020-12-24,101.0,3.0,35801,1807
UK,2020-12-25,90.0,4.0,35891,1811
UK,2020-12-26,123.0,3.0,36014,1814
UK,2020-12-27,86.0,2.0,36100,1816
UK,2020-12-28,105.0,4.0,36205,1820
UK,2020-12-29,93.0,6.0,36298,1826
UK,2020-12-30,101.0,5.0,36399,1831
UK,2020-12-31,84.0,5.0,36483,1836
